Month,Race/Ethnicity,gender,residency,action_taken,CALLS FOR SERVICE,CHECK POINT,EQUIPMENT VIOLATION,MISSING,OTHER INVESTIGATIVE DETENTION,TERRY STOP,TRAFFIC VIOLATION
2020-07,ASIAN/PACIFIC ISLANDER,FEMALE,,ARREST,3,0,0,0,0,1,1
2020-07,ASIAN/PACIFIC ISLANDER,FEMALE,,CITATION/SUMMONS,0,0,0,0,1,0,18
2020-07,ASIAN/PACIFIC ISLANDER,FEMALE,,NO ENFORCEMENT ACTION,0,0,1,0,0,0,0
2020-07,ASIAN/PACIFIC ISLANDER,FEMALE,,WARNING ISSUED,0,0,3,0,0,1,14
2020-07,ASIAN/PACIFIC ISLANDER,MALE,,ARREST,6,0,0,0,0,0,3
2020-07,ASIAN/PACIFIC ISLANDER,MALE,,CITATION/SUMMONS,0,0,0,0,0,1,37
2020-07,ASIAN/PACIFIC ISLANDER,MALE,,NO ENFORCEMENT ACTION,0,0,0,0,0,1,0
2020-07,ASIAN/PACIFIC ISLANDER,MALE,,WARNING ISSUED,0,0,1,0,0,0,17
2020-07,BLACK,FEMALE,,ARREST,13,0,0,0,0,2,2
2020-07,BLACK,FEMALE,,CITATION/SUMMONS,4,0,0,0,0,1,48
2020-07,BLACK,FEMALE,,WARNING ISSUED,0,0,4,0,1,0,30
2020-07,BLACK,MALE,,ARREST,76,1,0,0,0,3,7
2020-07,BLACK,MALE,,CITATION/SUMMONS,7,0,2,0,1,0,127
2020-07,BLACK,MALE,,NO ENFORCEMENT ACTION,2,0,0,0,1,3,2
2020-07,BLACK,MALE,,WARNING ISSUED,1,0,5,0,0,0,42
2020-07,INDIGENOUS,MALE,,ARREST,1,0,0,0,0,0,0
2020-07,INDIGENOUS,MALE,,CITATION/SUMMONS,0,0,0,0,0,0,1
2020-07,LATINO,FEMALE,,ARREST,14,0,0,0,0,0,5
2020-07,LATINO,FEMALE,,CITATION/SUMMONS,5,0,0,0,5,0,33
2020-07,LATINO,FEMALE,,NO ENFORCEMENT ACTION,0,0,0,0,0,1,2
2020-07,LATINO,FEMALE,,WARNING ISSUED,0,0,1,0,0,0,17
2020-07,LATINO,MALE,,ARREST,76,0,0,0,0,4,19
2020-07,LATINO,MALE,,CITATION/SUMMONS,9,0,24,0,6,0,145
2020-07,LATINO,MALE,,NO ENFORCEMENT ACTION,2,0,0,0,0,4,0
2020-07,LATINO,MALE,,WARNING ISSUED,1,0,9,0,0,0,48
2020-07,UNKNOWN,FEMALE,,ARREST,0,0,0,0,0,1,0
2020-07,UNKNOWN,FEMALE,,CITATION/SUMMONS,2,0,0,4,0,0,20
2020-07,UNKNOWN,FEMALE,,WARNING ISSUED,0,0,1,0,0,0,7
2020-07,UNKNOWN,MALE,,ARREST,0,0,0,0,0,0,1
2020-07,UNKNOWN,MALE,,CITATION/SUMMONS,2,0,1,29,5,0,90
2020-07,UNKNOWN,MALE,,NO ENFORCEMENT ACTION,1,0,0,0,0,0,0
2020-07,UNKNOWN,MALE,,WARNING ISSUED,0,0,4,0,1,0,11
2020-07,WHITE,FEMALE,,ARREST,24,0,1,0,0,0,8
2020-07,WHITE,FEMALE,,CITATION/SUMMONS,8,0,3,0,3,0,87
2020-07,WHITE,FEMALE,,NO ENFORCEMENT ACTION,0,0,0,0,0,1,2
2020-07,WHITE,FEMALE,,WARNING ISSUED,0,0,6,0,0,0,50
2020-07,WHITE,MALE,,ARREST,66,1,2,0,0,6,17
2020-07,WHITE,MALE,,CITATION/SUMMONS,6,0,7,0,5,0,274
2020-07,WHITE,MALE,,NO ENFORCEMENT ACTION,1,0,0,0,0,5,0
2020-07,WHITE,MALE,,WARNING ISSUED,0,0,11,0,3,2,84
2020-08,ASIAN/PACIFIC ISLANDER,FEMALE,,ARREST,4,0,0,0,0,0,0
2020-08,ASIAN/PACIFIC ISLANDER,FEMALE,,CITATION/SUMMONS,2,0,1,0,0,0,17
2020-08,ASIAN/PACIFIC ISLANDER,FEMALE,,NO ENFORCEMENT ACTION,0,0,0,0,0,1,0
2020-08,ASIAN/PACIFIC ISLANDER,FEMALE,,WARNING ISSUED,0,0,1,0,1,0,11
2020-08,ASIAN/PACIFIC ISLANDER,MALE,,ARREST,13,0,0,0,0,1,4
2020-08,ASIAN/PACIFIC ISLANDER,MALE,,CITATION/SUMMONS,3,0,2,0,0,0,47
2020-08,ASIAN/PACIFIC ISLANDER,MALE,,NO ENFORCEMENT ACTION,0,0,0,0,1,0,0
2020-08,ASIAN/PACIFIC ISLANDER,MALE,,WARNING ISSUED,0,0,2,0,1,0,22
2020-08,BLACK,FEMALE,,ARREST,23,0,1,0,0,0,2
2020-08,BLACK,FEMALE,,CITATION/SUMMONS,0,0,4,0,0,0,57
2020-08,BLACK,FEMALE,,NO ENFORCEMENT ACTION,0,0,0,0,0,1,0
2020-08,BLACK,FEMALE,,WARNING ISSUED,1,0,8,0,0,0,26
2020-08,BLACK,MALE,,ARREST,97,1,1,0,0,3,11
2020-08,BLACK,MALE,,CITATION/SUMMONS,8,0,9,0,1,2,123
2020-08,BLACK,MALE,,NO ENFORCEMENT ACTION,0,0,0,0,0,3,0
2020-08,BLACK,MALE,,WARNING ISSUED,1,0,3,0,0,1,74
2020-08,INDIGENOUS,FEMALE,,WARNING ISSUED,0,0,0,0,0,0,2
2020-08,INDIGENOUS,MALE,,ARREST,1,0,0,0,0,0,0
2020-08,INDIGENOUS,MALE,,CITATION/SUMMONS,0,0,0,0,0,0,2
2020-08,LATINO,FEMALE,,ARREST,24,0,0,0,0,1,4
2020-08,LATINO,FEMALE,,CITATION/SUMMONS,13,0,1,0,0,0,48
2020-08,LATINO,FEMALE,,WARNING ISSUED,0,0,4,0,0,0,19
2020-08,LATINO,MALE,,ARREST,91,1,1,0,0,5,22
2020-08,LATINO,MALE,,CITATION/SUMMONS,23,0,24,0,4,1,175
2020-08,LATINO,MALE,,WARNING ISSUED,0,0,12,0,1,1,42
2020-08,UNKNOWN,FEMALE,,ARREST,2,0,0,0,0,0,1
2020-08,UNKNOWN,FEMALE,,CITATION/SUMMONS,1,0,0,0,0,0,11
2020-08,UNKNOWN,FEMALE,,WARNING ISSUED,0,0,3,0,0,0,5
2020-08,UNKNOWN,MALE,,ARREST,1,0,0,0,0,1,0
2020-08,UNKNOWN,MALE,,CITATION/SUMMONS,3,0,2,4,2,0,36
2020-08,UNKNOWN,MALE,,NO ENFORCEMENT ACTION,0,0,0,0,0,2,0
2020-08,UNKNOWN,MALE,,WARNING ISSUED,0,0,4,0,0,3,15
2020-08,WHITE,FEMALE,,ARREST,22,0,0,0,0,0,6
2020-08,WHITE,FEMALE,,CITATION/SUMMONS,9,0,6,0,3,0,95
2020-08,WHITE,FEMALE,,WARNING ISSUED,1,0,8,0,0,1,51
2020-08,WHITE,MALE,,ARREST,84,0,1,0,0,7,21
2020-08,WHITE,MALE,,CITATION/SUMMONS,12,0,18,0,2,0,348
2020-08,WHITE,MALE,,NO ENFORCEMENT ACTION,2,0,0,0,0,4,1
2020-08,WHITE,MALE,,WARNING ISSUED,0,1,9,0,0,2,93
2020-09,ASIAN/PACIFIC ISLANDER,FEMALE,,ARREST,4,0,0,0,0,0,1
2020-09,ASIAN/PACIFIC ISLANDER,FEMALE,,CITATION/SUMMONS,4,0,1,0,0,0,27
2020-09,ASIAN/PACIFIC ISLANDER,FEMALE,,NO ENFORCEMENT ACTION,0,0,0,0,0,1,0
2020-09,ASIAN/PACIFIC ISLANDER,FEMALE,,WARNING ISSUED,0,0,5,0,0,0,9
2020-09,ASIAN/PACIFIC ISLANDER,MALE,,ARREST,13,0,1,0,0,2,5
2020-09,ASIAN/PACIFIC ISLANDER,MALE,,CITATION/SUMMONS,2,0,1,0,0,0,49
2020-09,ASIAN/PACIFIC ISLANDER,MALE,,NO ENFORCEMENT ACTION,0,0,0,0,1,0,1
2020-09,ASIAN/PACIFIC ISLANDER,MALE,,WARNING ISSUED,0,0,6,0,0,0,23
2020-09,BLACK,FEMALE,,ARREST,30,0,0,0,0,1,2
2020-09,BLACK,FEMALE,,CITATION/SUMMONS,9,0,3,0,0,0,63
2020-09,BLACK,FEMALE,,NO ENFORCEMENT ACTION,1,0,1,0,0,1,0
2020-09,BLACK,FEMALE,,WARNING ISSUED,0,0,5,0,0,1,34
2020-09,BLACK,MALE,,ARREST,84,0,0,0,0,8,22
2020-09,BLACK,MALE,,CITATION/SUMMONS,9,0,6,0,2,0,177
2020-09,BLACK,MALE,,NO ENFORCEMENT ACTION,3,0,0,0,0,5,1
2020-09,BLACK,MALE,,WARNING ISSUED,1,0,15,0,0,1,76
2020-09,INDIGENOUS,FEMALE,,CITATION/SUMMONS,0,0,0,0,0,0,2
2020-09,INDIGENOUS,FEMALE,,WARNING ISSUED,0,0,0,0,0,0,1
2020-09,INDIGENOUS,MALE,,CITATION/SUMMONS,0,0,0,0,0,0,3
2020-09,LATINO,FEMALE,,ARREST,20,0,0,0,0,1,5
2020-09,LATINO,FEMALE,,CITATION/SUMMONS,6,0,3,0,0,0,81
2020-09,LATINO,FEMALE,,NO ENFORCEMENT ACTION,0,0,0,0,0,2,0
2020-09,LATINO,FEMALE,,WARNING ISSUED,0,0,5,0,2,1,37
2020-09,LATINO,MALE,,ARREST,83,0,2,0,0,15,27
2020-09,LATINO,MALE,,CITATION/SUMMONS,16,0,23,0,4,0,241
2020-09,LATINO,MALE,,NO ENFORCEMENT ACTION,0,0,0,0,3,1,1
2020-09,LATINO,MALE,,WARNING ISSUED,0,0,25,0,0,0,57
2020-09,UNKNOWN,FEMALE,,CITATION/SUMMONS,3,0,0,2,1,0,36
2020-09,UNKNOWN,FEMALE,,NO ENFORCEMENT ACTION,0,0,0,0,0,1,0
2020-09,UNKNOWN,FEMALE,,WARNING ISSUED,0,0,5,0,1,0,9
2020-09,UNKNOWN,MALE,,ARREST,3,0,0,0,0,0,0
2020-09,UNKNOWN,MALE,,CITATION/SUMMONS,2,0,2,3,1,0,69
2020-09,UNKNOWN,MALE,,NO ENFORCEMENT ACTION,0,0,0,0,0,3,1
2020-09,UNKNOWN,MALE,,WARNING ISSUED,0,0,5,0,2,0,26
2020-09,UNKNOWN,OTHER,,WARNING ISSUED,0,0,1,0,0,0,0
2020-09,WHITE,FEMALE,,ARREST,28,0,0,0,0,6,9
2020-09,WHITE,FEMALE,,CITATION/SUMMONS,7,0,2,2,0,0,180
2020-09,WHITE,FEMALE,,NO ENFORCEMENT ACTION,1,0,0,0,0,1,2
2020-09,WHITE,FEMALE,,WARNING ISSUED,1,0,4,0,0,0,55
2020-09,WHITE,MALE,,ARREST,68,0,0,0,0,9,18
2020-09,WHITE,MALE,,CITATION/SUMMONS,14,0,17,1,5,0,422
2020-09,WHITE,MALE,,NO ENFORCEMENT ACTION,1,0,0,0,1,6,4
2020-09,WHITE,MALE,,WARNING ISSUED,2,0,21,0,1,0,137
2020-10,ASIAN/PACIFIC ISLANDER,FEMALE,,ARREST,3,0,0,0,0,0,1
2020-10,ASIAN/PACIFIC ISLANDER,FEMALE,,CITATION/SUMMONS,2,0,0,0,0,0,19
2020-10,ASIAN/PACIFIC ISLANDER,FEMALE,,NO ENFORCEMENT ACTION,0,0,0,0,0,0,1
2020-10,ASIAN/PACIFIC ISLANDER,FEMALE,,WARNING ISSUED,0,0,1,0,1,0,24
2020-10,ASIAN/PACIFIC ISLANDER,MALE,,ARREST,9,0,0,0,0,1,8
2020-10,ASIAN/PACIFIC ISLANDER,MALE,,CITATION/SUMMONS,5,0,1,0,1,0,50
2020-10,ASIAN/PACIFIC ISLANDER,MALE,,NO ENFORCEMENT ACTION,0,0,0,0,0,0,1
2020-10,ASIAN/PACIFIC ISLANDER,MALE,,WARNING ISSUED,0,0,2,0,1,0,28
2020-10,BLACK,FEMALE,,ARREST,21,0,1,0,0,4,9
2020-10,BLACK,FEMALE,,CITATION/SUMMONS,7,0,1,0,0,0,66
2020-10,BLACK,FEMALE,,NO ENFORCEMENT ACTION,1,0,1,0,0,2,0
2020-10,BLACK,FEMALE,,WARNING ISSUED,0,0,6,0,0,0,45
2020-10,BLACK,MALE,,ARREST,60,0,1,0,0,11,27
2020-10,BLACK,MALE,,CITATION/SUMMONS,6,0,4,0,3,0,155
2020-10,BLACK,MALE,,NO ENFORCEMENT ACTION,5,0,0,0,1,2,0
2020-10,BLACK,MALE,,WARNING ISSUED,1,0,12,0,2,1,101
2020-10,INDIGENOUS,FEMALE,,CITATION/SUMMONS,0,0,0,0,0,0,1
2020-10,INDIGENOUS,FEMALE,,WARNING ISSUED,0,0,0,0,0,1,1
2020-10,INDIGENOUS,MALE,,CITATION/SUMMONS,0,0,0,0,0,0,1
2020-10,INDIGENOUS,MALE,,WARNING ISSUED,0,0,0,0,0,0,2
2020-10,LATINO,FEMALE,,ARREST,19,0,0,0,0,2,4
2020-10,LATINO,FEMALE,,CITATION/SUMMONS,12,0,3,0,1,0,68
2020-10,LATINO,FEMALE,,NO ENFORCEMENT ACTION,1,0,0,0,1,2,1
2020-10,LATINO,FEMALE,,WARNING ISSUED,0,0,4,0,0,1,41
2020-10,LATINO,MALE,,ARREST,51,0,3,0,0,6,26
2020-10,LATINO,MALE,,CITATION/SUMMONS,27,0,15,0,4,1,177
2020-10,LATINO,MALE,,NO ENFORCEMENT ACTION,1,0,1,0,0,5,0
2020-10,LATINO,MALE,,WARNING ISSUED,4,0,11,0,0,0,89
2020-10,UNKNOWN,FEMALE,,CITATION/SUMMONS,4,0,1,1,1,0,42
2020-10,UNKNOWN,FEMALE,,NO ENFORCEMENT ACTION,1,0,0,0,0,1,0
2020-10,UNKNOWN,FEMALE,,WARNING ISSUED,0,0,3,0,0,0,16
2020-10,UNKNOWN,MALE,,ARREST,3,0,1,0,0,0,0
2020-10,UNKNOWN,MALE,,CITATION/SUMMONS,5,0,3,0,1,0,43
2020-10,UNKNOWN,MALE,,NO ENFORCEMENT ACTION,1,0,0,0,0,1,0
2020-10,UNKNOWN,MALE,,WARNING ISSUED,0,0,6,0,0,0,30
2020-10,WHITE,FEMALE,,ARREST,15,0,0,0,0,1,5
2020-10,WHITE,FEMALE,,CITATION/SUMMONS,7,0,2,0,1,0,152
2020-10,WHITE,FEMALE,,NO ENFORCEMENT ACTION,0,0,0,0,0,3,2
2020-10,WHITE,FEMALE,,WARNING ISSUED,1,0,14,0,1,0,88
2020-10,WHITE,MALE,,ARREST,55,0,1,0,0,7,19
2020-10,WHITE,MALE,,CITATION/SUMMONS,13,0,14,0,1,0,334
2020-10,WHITE,MALE,,NO ENFORCEMENT ACTION,5,0,0,0,0,11,0
2020-10,WHITE,MALE,,WARNING ISSUED,2,0,14,0,1,3,154
2020-11,ASIAN/PACIFIC ISLANDER,FEMALE,,ARREST,4,0,0,0,0,0,3
2020-11,ASIAN/PACIFIC ISLANDER,FEMALE,,CITATION/SUMMONS,3,0,2,0,0,0,39
2020-11,ASIAN/PACIFIC ISLANDER,FEMALE,,NO ENFORCEMENT ACTION,1,0,0,0,0,1,0
2020-11,ASIAN/PACIFIC ISLANDER,FEMALE,,WARNING ISSUED,0,0,0,0,0,0,25
2020-11,ASIAN/PACIFIC ISLANDER,MALE,,ARREST,2,0,0,0,0,2,6
2020-11,ASIAN/PACIFIC ISLANDER,MALE,,CITATION/SUMMONS,1,0,0,0,0,0,58
2020-11,ASIAN/PACIFIC ISLANDER,MALE,,NO ENFORCEMENT ACTION,0,0,1,0,0,0,0
2020-11,ASIAN/PACIFIC ISLANDER,MALE,,WARNING ISSUED,0,0,2,0,0,0,30
2020-11,BLACK,FEMALE,,ARREST,10,0,1,0,0,2,1
2020-11,BLACK,FEMALE,,CITATION/SUMMONS,3,0,4,0,0,0,74
2020-11,BLACK,FEMALE,,NO ENFORCEMENT ACTION,1,0,0,0,0,1,0
2020-11,BLACK,FEMALE,,WARNING ISSUED,0,0,6,0,0,0,47
2020-11,BLACK,MALE,,ARREST,22,0,1,0,0,11,14
2020-11,BLACK,MALE,,CITATION/SUMMONS,6,0,5,0,2,1,163
2020-11,BLACK,MALE,,NO ENFORCEMENT ACTION,1,0,2,0,0,7,0
2020-11,BLACK,MALE,,WARNING ISSUED,2,0,20,0,0,2,82
2020-11,INDIGENOUS,FEMALE,,CITATION/SUMMONS,0,0,0,0,0,0,1
2020-11,INDIGENOUS,MALE,,CITATION/SUMMONS,0,0,0,0,0,0,3
2020-11,LATINO,FEMALE,,ARREST,7,0,0,0,0,4,2
2020-11,LATINO,FEMALE,,CITATION/SUMMONS,9,0,0,0,0,0,64
2020-11,LATINO,FEMALE,,NO ENFORCEMENT ACTION,1,0,0,0,0,0,0
2020-11,LATINO,FEMALE,,WARNING ISSUED,0,0,4,0,0,0,38
2020-11,LATINO,MALE,,ARREST,47,0,1,0,0,7,25
2020-11,LATINO,MALE,,CITATION/SUMMONS,28,0,12,0,7,0,213
2020-11,LATINO,MALE,,NO ENFORCEMENT ACTION,1,0,0,0,2,8,0
2020-11,LATINO,MALE,,WARNING ISSUED,0,0,13,0,2,3,68
2020-11,UNKNOWN,FEMALE,,CITATION/SUMMONS,4,0,0,0,0,0,70
2020-11,UNKNOWN,FEMALE,,WARNING ISSUED,0,0,3,0,0,0,18
2020-11,UNKNOWN,MALE,,ARREST,1,0,0,0,0,0,0
2020-11,UNKNOWN,MALE,,CITATION/SUMMONS,5,0,2,0,1,0,110
2020-11,UNKNOWN,MALE,,NO ENFORCEMENT ACTION,1,0,0,0,0,2,1
2020-11,UNKNOWN,MALE,,WARNING ISSUED,0,0,4,0,0,0,29
2020-11,WHITE,FEMALE,,ARREST,8,0,0,0,0,0,5
2020-11,WHITE,FEMALE,,CITATION/SUMMONS,9,0,3,0,1,0,159
2020-11,WHITE,FEMALE,,NO ENFORCEMENT ACTION,0,0,0,0,1,5,2
2020-11,WHITE,FEMALE,,WARNING ISSUED,0,0,5,0,0,1,88
2020-11,WHITE,MALE,,ARREST,41,0,0,0,0,9,23
2020-11,WHITE,MALE,,CITATION/SUMMONS,24,0,8,0,3,0,486
2020-11,WHITE,MALE,,NO ENFORCEMENT ACTION,2,0,0,0,2,9,0
2020-11,WHITE,MALE,,WARNING ISSUED,1,0,19,0,2,1,130
2020-12,ASIAN/PACIFIC ISLANDER,FEMALE,,ARREST,4,0,0,0,0,0,1
2020-12,ASIAN/PACIFIC ISLANDER,FEMALE,,CITATION/SUMMONS,3,0,0,0,0,0,42
2020-12,ASIAN/PACIFIC ISLANDER,FEMALE,,NO ENFORCEMENT ACTION,0,0,1,0,0,1,0
2020-12,ASIAN/PACIFIC ISLANDER,FEMALE,,WARNING ISSUED,0,0,2,0,0,1,31
2020-12,ASIAN/PACIFIC ISLANDER,MALE,,ARREST,3,0,0,0,0,0,2
2020-12,ASIAN/PACIFIC ISLANDER,MALE,,CITATION/SUMMONS,6,0,1,0,1,0,88
2020-12,ASIAN/PACIFIC ISLANDER,MALE,,NO ENFORCEMENT ACTION,0,0,1,0,0,2,0
2020-12,ASIAN/PACIFIC ISLANDER,MALE,,WARNING ISSUED,0,0,5,0,0,2,37
2020-12,BLACK,FEMALE,,ARREST,16,0,0,0,0,2,11
2020-12,BLACK,FEMALE,,CITATION/SUMMONS,3,0,1,0,1,0,85
2020-12,BLACK,FEMALE,,NO ENFORCEMENT ACTION,1,0,0,0,0,0,0
2020-12,BLACK,FEMALE,,WARNING ISSUED,0,0,3,0,1,0,44
2020-12,BLACK,MALE,,ARREST,44,0,0,0,0,7,17
2020-12,BLACK,MALE,,CITATION/SUMMONS,5,0,5,0,0,0,227
2020-12,BLACK,MALE,,NO ENFORCEMENT ACTION,4,0,3,0,1,6,2
2020-12,BLACK,MALE,,WARNING ISSUED,2,0,9,0,1,0,100
2020-12,INDIGENOUS,FEMALE,,CITATION/SUMMONS,0,0,0,0,0,0,1
2020-12,INDIGENOUS,FEMALE,,WARNING ISSUED,0,0,0,0,0,0,2
2020-12,INDIGENOUS,MALE,,CITATION/SUMMONS,0,0,0,0,0,0,3
2020-12,INDIGENOUS,MALE,,WARNING ISSUED,0,0,0,0,0,0,2
2020-12,LATINO,FEMALE,,ARREST,12,0,0,0,0,4,5
2020-12,LATINO,FEMALE,,CITATION/SUMMONS,5,0,3,0,1,0,92
2020-12,LATINO,FEMALE,,NO ENFORCEMENT ACTION,0,0,1,0,0,0,1
2020-12,LATINO,FEMALE,,WARNING ISSUED,0,0,6,0,0,1,56
2020-12,LATINO,MALE,,ARREST,36,0,0,0,0,25,30
2020-12,LATINO,MALE,,CITATION/SUMMONS,14,0,10,0,5,0,311
2020-12,LATINO,MALE,,NO ENFORCEMENT ACTION,1,0,4,0,1,5,0
2020-12,LATINO,MALE,,WARNING ISSUED,0,0,12,0,3,3,83
2020-12,UNKNOWN,FEMALE,,CITATION/SUMMONS,2,0,2,0,0,0,104
2020-12,UNKNOWN,FEMALE,,NO ENFORCEMENT ACTION,0,0,0,0,0,3,0
2020-12,UNKNOWN,FEMALE,,WARNING ISSUED,0,0,3,0,0,0,31
2020-12,UNKNOWN,MALE,,ARREST,1,0,0,0,0,0,0
2020-12,UNKNOWN,MALE,,CITATION/SUMMONS,6,0,0,0,3,0,147
2020-12,UNKNOWN,MALE,,NO ENFORCEMENT ACTION,0,0,0,0,0,2,1
2020-12,UNKNOWN,MALE,,WARNING ISSUED,0,0,3,0,1,2,33
2020-12,WHITE,FEMALE,,ARREST,17,0,0,0,0,3,5
2020-12,WHITE,FEMALE,,CITATION/SUMMONS,6,0,4,0,1,0,224
2020-12,WHITE,FEMALE,,NO ENFORCEMENT ACTION,1,0,0,0,0,4,0
2020-12,WHITE,FEMALE,,WARNING ISSUED,1,0,6,0,1,1,79
2020-12,WHITE,MALE,,ARREST,29,0,4,0,0,4,19
2020-12,WHITE,MALE,,CITATION/SUMMONS,15,0,13,0,2,0,548
2020-12,WHITE,MALE,,NO ENFORCEMENT ACTION,5,0,3,0,0,10,3
2020-12,WHITE,MALE,,WARNING ISSUED,0,0,27,0,0,1,176
2021-01,ASIAN/PACIFIC ISLANDER,FEMALE,,CITATION/SUMMONS,1,0,0,0,0,0,1
2021-01,ASIAN/PACIFIC ISLANDER,FEMALE,,WARNING ISSUED,0,0,0,0,0,0,5
2021-01,ASIAN/PACIFIC ISLANDER,MALE,,ARREST,5,0,0,0,0,0,1
2021-01,ASIAN/PACIFIC ISLANDER,MALE,,CITATION/SUMMONS,0,0,0,0,0,0,2
2021-01,ASIAN/PACIFIC ISLANDER,MALE,,WARNING ISSUED,1,0,0,0,0,0,11
2021-01,BLACK,FEMALE,,ARREST,14,0,0,0,0,2,4
2021-01,BLACK,FEMALE,,CITATION/SUMMONS,0,0,2,0,0,0,8
2021-01,BLACK,FEMALE,,NO ENFORCEMENT ACTION,1,0,0,0,0,1,0
2021-01,BLACK,FEMALE,,WARNING ISSUED,0,0,0,0,0,0,8
2021-01,BLACK,MALE,,ARREST,64,0,1,0,0,8,26
2021-01,BLACK,MALE,,CITATION/SUMMONS,3,0,2,0,0,0,18
2021-01,BLACK,MALE,,NO ENFORCEMENT ACTION,3,0,0,0,0,3,0
2021-01,BLACK,MALE,,WARNING ISSUED,0,0,2,0,0,0,37
2021-01,LATINO,FEMALE,,ARREST,6,0,0,0,0,2,3
2021-01,LATINO,FEMALE,,CITATION/SUMMONS,0,0,0,0,0,0,3
2021-01,LATINO,FEMALE,,NO ENFORCEMENT ACTION,2,0,0,0,0,1,0
2021-01,LATINO,FEMALE,,WARNING ISSUED,0,0,0,0,0,0,7
2021-01,LATINO,MALE,,ARREST,39,0,2,0,0,12,25
2021-01,LATINO,MALE,,CITATION/SUMMONS,5,0,6,0,0,0,20
2021-01,LATINO,MALE,,NO ENFORCEMENT ACTION,1,0,0,0,0,6,0
2021-01,LATINO,MALE,,WARNING ISSUED,0,0,0,0,0,0,20
2021-01,UNKNOWN,FEMALE,,NO ENFORCEMENT ACTION,0,0,0,0,0,2,0
2021-01,UNKNOWN,FEMALE,,WARNING ISSUED,0,0,0,0,0,1,7
2021-01,UNKNOWN,MALE,,CITATION/SUMMONS,2,0,0,0,0,0,1
2021-01,UNKNOWN,MALE,,NO ENFORCEMENT ACTION,1,0,0,0,0,1,0
2021-01,UNKNOWN,MALE,,WARNING ISSUED,0,0,0,0,0,0,7
2021-01,WHITE,FEMALE,,ARREST,12,0,0,0,0,6,9
2021-01,WHITE,FEMALE,,CITATION/SUMMONS,1,0,1,0,0,0,11
2021-01,WHITE,FEMALE,,NO ENFORCEMENT ACTION,0,0,0,0,0,2,0
2021-01,WHITE,FEMALE,,WARNING ISSUED,0,0,0,0,0,0,29
2021-01,WHITE,MALE,,ARREST,18,0,0,0,0,8,15
2021-01,WHITE,MALE,,CITATION/SUMMONS,8,0,0,0,0,1,28
2021-01,WHITE,MALE,,NO ENFORCEMENT ACTION,4,0,0,0,0,6,0
2021-01,WHITE,MALE,,WARNING ISSUED,1,0,1,0,0,1,45
2021-02,ASIAN/PACIFIC ISLANDER,FEMALE,,ARREST,2,0,0,0,0,0,0
2021-02,ASIAN/PACIFIC ISLANDER,FEMALE,,NO ENFORCEMENT ACTION,1,0,0,0,0,0,0
2021-02,ASIAN/PACIFIC ISLANDER,FEMALE,,WARNING ISSUED,0,0,0,0,0,1,5
2021-02,ASIAN/PACIFIC ISLANDER,MALE,,ARREST,3,0,0,0,0,0,5
2021-02,ASIAN/PACIFIC ISLANDER,MALE,,NO ENFORCEMENT ACTION,1,0,0,0,0,2,0
2021-02,ASIAN/PACIFIC ISLANDER,MALE,,WARNING ISSUED,0,0,1,0,0,0,6
2021-02,BLACK,FEMALE,,ARREST,9,0,1,0,0,1,2
2021-02,BLACK,FEMALE,,CITATION/SUMMONS,0,0,0,0,0,0,1
2021-02,BLACK,FEMALE,,WARNING ISSUED,0,0,1,0,0,0,11
2021-02,BLACK,MALE,,ARREST,31,0,2,0,0,9,18
2021-02,BLACK,MALE,,CITATION/SUMMONS,1,0,1,0,0,0,10
2021-02,BLACK,MALE,,NO ENFORCEMENT ACTION,6,0,0,0,0,4,1
2021-02,BLACK,MALE,,WARNING ISSUED,0,0,0,0,0,0,11
2021-02,LATINO,FEMALE,,ARREST,10,0,0,0,0,1,6
2021-02,LATINO,FEMALE,,CITATION/SUMMONS,1,0,0,0,0,0,3
2021-02,LATINO,FEMALE,,NO ENFORCEMENT ACTION,0,0,0,0,0,1,0
2021-02,LATINO,FEMALE,,WARNING ISSUED,0,0,0,0,0,0,11
2021-02,LATINO,MALE,,ARREST,27,0,2,0,0,13,30
2021-02,LATINO,MALE,,CITATION/SUMMONS,7,0,2,0,0,1,17
2021-02,LATINO,MALE,,NO ENFORCEMENT ACTION,3,0,0,0,0,6,0
2021-02,LATINO,MALE,,WARNING ISSUED,0,0,1,0,0,1,13
2021-02,UNKNOWN,FEMALE,,ARREST,1,0,0,0,0,0,0
2021-02,UNKNOWN,FEMALE,,WARNING ISSUED,0,0,0,0,0,0,5
2021-02,UNKNOWN,MALE,,CITATION/SUMMONS,0,0,3,0,0,0,6
2021-02,UNKNOWN,MALE,,NO ENFORCEMENT ACTION,1,0,0,0,0,0,0
2021-02,UNKNOWN,MALE,,WARNING ISSUED,0,0,1,0,0,0,3
2021-02,WHITE,FEMALE,,ARREST,7,0,0,0,0,0,6
2021-02,WHITE,FEMALE,,CITATION/SUMMONS,0,0,0,0,0,0,6
2021-02,WHITE,FEMALE,,NO ENFORCEMENT ACTION,6,0,0,0,0,3,0
2021-02,WHITE,FEMALE,,WARNING ISSUED,0,0,0,0,0,0,16
2021-02,WHITE,MALE,,ARREST,25,0,0,0,0,6,20
2021-02,WHITE,MALE,,CITATION/SUMMONS,0,0,1,0,0,0,15
2021-02,WHITE,MALE,,NO ENFORCEMENT ACTION,3,0,0,0,0,2,0
2021-02,WHITE,MALE,,WARNING ISSUED,0,0,4,0,0,2,29
2021-03,ASIAN/PACIFIC ISLANDER,FEMALE,,ARREST,1,0,0,0,0,0,1
2021-03,ASIAN/PACIFIC ISLANDER,FEMALE,,CITATION/SUMMONS,0,0,0,0,0,0,5
2021-03,ASIAN/PACIFIC ISLANDER,FEMALE,,NO ENFORCEMENT ACTION,1,0,0,0,0,0,0
2021-03,ASIAN/PACIFIC ISLANDER,FEMALE,,WARNING ISSUED,0,0,0,0,0,0,1
2021-03,ASIAN/PACIFIC ISLANDER,MALE,,ARREST,4,0,0,0,0,0,5
2021-03,ASIAN/PACIFIC ISLANDER,MALE,,CITATION/SUMMONS,0,0,0,0,0,0,5
2021-03,ASIAN/PACIFIC ISLANDER,MALE,,NO ENFORCEMENT ACTION,0,0,0,0,0,2,1
2021-03,ASIAN/PACIFIC ISLANDER,MALE,,WARNING ISSUED,0,0,0,0,0,0,2
2021-03,BLACK,FEMALE,,ARREST,10,0,0,0,0,1,4
2021-03,BLACK,FEMALE,,CITATION/SUMMONS,1,0,0,0,0,0,2
2021-03,BLACK,FEMALE,,NO ENFORCEMENT ACTION,0,0,0,0,0,0,1
2021-03,BLACK,FEMALE,,WARNING ISSUED,0,0,0,0,0,0,12
2021-03,BLACK,MALE,,ARREST,22,0,1,0,0,3,21
2021-03,BLACK,MALE,,CITATION/SUMMONS,6,1,6,0,0,0,8
2021-03,BLACK,MALE,,NO ENFORCEMENT ACTION,1,0,0,0,0,3,1
2021-03,BLACK,MALE,,WARNING ISSUED,1,0,1,0,0,0,23
2021-03,LATINO,FEMALE,,ARREST,13,0,0,0,0,0,3
2021-03,LATINO,FEMALE,,CITATION/SUMMONS,2,0,0,0,0,0,3
2021-03,LATINO,FEMALE,,NO ENFORCEMENT ACTION,2,0,0,0,0,2,0
2021-03,LATINO,FEMALE,,WARNING ISSUED,0,0,0,0,0,1,4
2021-03,LATINO,MALE,,ARREST,39,0,0,0,0,8,22
2021-03,LATINO,MALE,,CITATION/SUMMONS,3,0,0,0,0,0,19
2021-03,LATINO,MALE,,NO ENFORCEMENT ACTION,4,0,0,0,0,4,0
2021-03,LATINO,MALE,,WARNING ISSUED,0,0,1,0,0,4,11
2021-03,UNKNOWN,FEMALE,,WARNING ISSUED,0,0,0,0,0,0,2
2021-03,UNKNOWN,MALE,,CITATION/SUMMONS,0,0,1,0,0,0,3
2021-03,UNKNOWN,MALE,,NO ENFORCEMENT ACTION,0,0,0,0,0,2,0
2021-03,UNKNOWN,MALE,,WARNING ISSUED,0,0,0,0,0,0,4
2021-03,WHITE,FEMALE,,ARREST,8,0,0,0,0,3,7
2021-03,WHITE,FEMALE,,CITATION/SUMMONS,2,0,0,0,0,0,9
2021-03,WHITE,FEMALE,,NO ENFORCEMENT ACTION,2,0,0,0,0,3,0
2021-03,WHITE,FEMALE,,WARNING ISSUED,0,0,1,0,0,1,21
2021-03,WHITE,MALE,,ARREST,24,0,1,0,0,2,21
2021-03,WHITE,MALE,,CITATION/SUMMONS,1,0,1,0,0,0,15
2021-03,WHITE,MALE,,NO ENFORCEMENT ACTION,1,0,0,0,0,4,1
2021-03,WHITE,MALE,,WARNING ISSUED,0,0,2,0,0,3,40
2021-04,ASIAN/PACIFIC ISLANDER,FEMALE,,ARREST,5,0,0,0,0,0,0
2021-04,ASIAN/PACIFIC ISLANDER,FEMALE,,CITATION/SUMMONS,2,0,1,0,0,0,63
2021-04,ASIAN/PACIFIC ISLANDER,FEMALE,,WARNING ISSUED,0,0,1,0,0,1,25
2021-04,ASIAN/PACIFIC ISLANDER,MALE,,ARREST,9,0,0,0,0,0,1
2021-04,ASIAN/PACIFIC ISLANDER,MALE,,CITATION/SUMMONS,5,0,7,0,1,0,69
2021-04,ASIAN/PACIFIC ISLANDER,MALE,,NO ENFORCEMENT ACTION,1,0,0,0,0,0,0
2021-04,ASIAN/PACIFIC ISLANDER,MALE,,WARNING ISSUED,0,0,1,0,0,0,23
2021-04,BLACK,FEMALE,,ARREST,9,0,0,0,0,2,3
2021-04,BLACK,FEMALE,,CITATION/SUMMONS,2,0,0,0,0,1,92
2021-04,BLACK,FEMALE,,NO ENFORCEMENT ACTION,2,0,0,0,1,2,1
2021-04,BLACK,FEMALE,,WARNING ISSUED,0,0,7,0,1,0,47
2021-04,BLACK,MALE,,ARREST,32,0,0,0,0,10,13
2021-04,BLACK,MALE,,CITATION/SUMMONS,5,0,12,0,0,1,147
2021-04,BLACK,MALE,,NO ENFORCEMENT ACTION,2,0,0,0,0,4,1
2021-04,BLACK,MALE,,WARNING ISSUED,0,0,8,0,1,3,85
2021-04,INDIGENOUS,FEMALE,,CITATION/SUMMONS,0,0,0,0,0,0,2
2021-04,INDIGENOUS,FEMALE,,WARNING ISSUED,0,0,0,0,0,0,1
2021-04,INDIGENOUS,MALE,,CITATION/SUMMONS,0,0,0,0,0,0,3
2021-04,INDIGENOUS,MALE,,WARNING ISSUED,0,0,0,0,0,0,3
2021-04,LATINO,FEMALE,,ARREST,6,0,0,0,0,0,6
2021-04,LATINO,FEMALE,,CITATION/SUMMONS,4,0,5,0,1,2,100
2021-04,LATINO,FEMALE,,NO ENFORCEMENT ACTION,1,0,0,0,0,1,1
2021-04,LATINO,FEMALE,,WARNING ISSUED,0,0,1,0,0,0,39
2021-04,LATINO,MALE,,ARREST,31,0,1,0,0,14,26
2021-04,LATINO,MALE,,CITATION/SUMMONS,14,1,17,0,3,2,208
2021-04,LATINO,MALE,,NO ENFORCEMENT ACTION,2,0,0,0,4,4,1
2021-04,LATINO,MALE,,WARNING ISSUED,1,0,12,0,2,2,95
2021-04,UNKNOWN,FEMALE,,ARREST,1,0,0,0,0,0,0
2021-04,UNKNOWN,FEMALE,,CITATION/SUMMONS,2,0,0,0,0,0,99
2021-04,UNKNOWN,FEMALE,,WARNING ISSUED,0,0,0,0,0,0,30
2021-04,UNKNOWN,MALE,,CITATION/SUMMONS,3,0,2,0,0,1,154
2021-04,UNKNOWN,MALE,,NO ENFORCEMENT ACTION,0,0,0,0,0,1,1
2021-04,UNKNOWN,MALE,,WARNING ISSUED,0,0,5,0,0,0,40
2021-04,WHITE,FEMALE,,ARREST,10,0,0,0,0,3,13
2021-04,WHITE,FEMALE,,CITATION/SUMMONS,7,0,20,0,3,1,235
2021-04,WHITE,FEMALE,,NO ENFORCEMENT ACTION,1,0,0,0,2,0,2
2021-04,WHITE,FEMALE,,WARNING ISSUED,0,0,7,0,0,3,101
2021-04,WHITE,MALE,,ARREST,25,0,1,0,0,4,16
2021-04,WHITE,MALE,,CITATION/SUMMONS,15,3,29,0,5,4,433
2021-04,WHITE,MALE,,NO ENFORCEMENT ACTION,6,0,1,0,1,7,2
2021-04,WHITE,MALE,,WARNING ISSUED,0,0,12,0,1,2,160
2021-04,WHITE,OTHER,,CITATION/SUMMONS,0,0,0,0,0,0,1
2021-05,ASIAN/PACIFIC ISLANDER,FEMALE,,ARREST,2,0,0,0,0,1,1
2021-05,ASIAN/PACIFIC ISLANDER,FEMALE,,CITATION/SUMMONS,5,0,3,0,0,0,62
2021-05,ASIAN/PACIFIC ISLANDER,FEMALE,,WARNING ISSUED,0,0,0,0,0,0,19
2021-05,ASIAN/PACIFIC ISLANDER,MALE,,ARREST,5,0,0,0,0,0,2
2021-05,ASIAN/PACIFIC ISLANDER,MALE,,CITATION/SUMMONS,3,0,4,0,1,0,73
2021-05,ASIAN/PACIFIC ISLANDER,MALE,,NO ENFORCEMENT ACTION,0,0,0,0,2,0,0
2021-05,ASIAN/PACIFIC ISLANDER,MALE,,WARNING ISSUED,0,0,3,0,0,0,39
2021-05,BLACK,FEMALE,,ARREST,4,0,0,0,0,2,5
2021-05,BLACK,FEMALE,,CITATION/SUMMONS,2,0,7,0,0,0,92
2021-05,BLACK,FEMALE,,NO ENFORCEMENT ACTION,2,0,0,0,0,0,1
2021-05,BLACK,FEMALE,,WARNING ISSUED,0,0,4,0,0,0,47
2021-05,BLACK,MALE,,ARREST,28,0,1,0,0,6,17
2021-05,BLACK,MALE,,CITATION/SUMMONS,10,2,8,0,0,0,155
2021-05,BLACK,MALE,,NO ENFORCEMENT ACTION,2,0,0,0,0,2,2
2021-05,BLACK,MALE,,WARNING ISSUED,0,0,4,0,0,2,99
2021-05,INDIGENOUS,FEMALE,,WARNING ISSUED,0,0,0,0,0,0,1
2021-05,INDIGENOUS,MALE,,CITATION/SUMMONS,0,0,0,0,1,0,4
2021-05,INDIGENOUS,MALE,,WARNING ISSUED,0,0,0,0,0,0,3
2021-05,LATINO,FEMALE,,ARREST,10,0,0,0,0,1,8
2021-05,LATINO,FEMALE,,CITATION/SUMMONS,8,0,2,0,0,0,81
2021-05,LATINO,FEMALE,,NO ENFORCEMENT ACTION,1,0,0,0,0,0,1
2021-05,LATINO,FEMALE,,WARNING ISSUED,0,0,2,0,0,0,41
2021-05,LATINO,MALE,,ARREST,38,0,0,0,0,7,28
2021-05,LATINO,MALE,,CITATION/SUMMONS,22,0,20,0,2,0,192
2021-05,LATINO,MALE,,NO ENFORCEMENT ACTION,4,0,0,0,1,4,0
2021-05,LATINO,MALE,,WARNING ISSUED,1,0,8,0,1,3,80
2021-05,UNKNOWN,FEMALE,,CITATION/SUMMONS,1,0,1,0,0,0,132
2021-05,UNKNOWN,FEMALE,,WARNING ISSUED,0,0,1,0,0,1,18
2021-05,UNKNOWN,MALE,,CITATION/SUMMONS,3,0,2,0,0,0,185
2021-05,UNKNOWN,MALE,,NO ENFORCEMENT ACTION,1,0,0,0,1,0,0
2021-05,UNKNOWN,MALE,,WARNING ISSUED,0,0,8,0,0,0,30
2021-05,UNKNOWN,MISSING,,WARNING ISSUED,0,0,0,0,0,0,1
2021-05,WHITE,FEMALE,,ARREST,12,0,0,0,0,1,4
2021-05,WHITE,FEMALE,,CITATION/SUMMONS,6,0,31,0,2,1,253
2021-05,WHITE,FEMALE,,NO ENFORCEMENT ACTION,1,0,0,0,0,2,3
2021-05,WHITE,FEMALE,,WARNING ISSUED,1,0,1,0,0,0,115
2021-05,WHITE,MALE,,ARREST,23,0,4,0,0,1,15
2021-05,WHITE,MALE,,CITATION/SUMMONS,25,0,42,0,2,1,371
2021-05,WHITE,MALE,,NO ENFORCEMENT ACTION,5,0,0,0,0,7,2
2021-05,WHITE,MALE,,WARNING ISSUED,1,0,17,0,1,3,168
2021-06,ASIAN/PACIFIC ISLANDER,FEMALE,,CITATION/SUMMONS,2,0,4,0,0,0,57
2021-06,ASIAN/PACIFIC ISLANDER,FEMALE,,WARNING ISSUED,0,0,2,0,0,0,23
2021-06,ASIAN/PACIFIC ISLANDER,MALE,,ARREST,3,0,0,0,0,1,0
2021-06,ASIAN/PACIFIC ISLANDER,MALE,,CITATION/SUMMONS,2,0,6,0,0,0,90
2021-06,ASIAN/PACIFIC ISLANDER,MALE,,WARNING ISSUED,0,0,0,0,0,0,24
2021-06,BLACK,FEMALE,,ARREST,9,0,0,0,0,4,4
2021-06,BLACK,FEMALE,,CITATION/SUMMONS,5,0,7,0,0,0,108
2021-06,BLACK,FEMALE,,WARNING ISSUED,0,0,1,0,2,0,36
2021-06,BLACK,MALE,,ARREST,23,0,2,0,0,2,18
2021-06,BLACK,MALE,,CITATION/SUMMONS,4,0,11,0,3,0,182
2021-06,BLACK,MALE,,NO ENFORCEMENT ACTION,1,0,0,0,0,3,1
2021-06,BLACK,MALE,,WARNING ISSUED,0,0,5,0,1,0,75
2021-06,INDIGENOUS,FEMALE,,CITATION/SUMMONS,0,0,0,0,0,0,4
2021-06,INDIGENOUS,FEMALE,,WARNING ISSUED,0,0,1,0,0,0,0
2021-06,INDIGENOUS,MALE,,ARREST,0,0,0,0,0,1,0
2021-06,INDIGENOUS,MALE,,CITATION/SUMMONS,0,0,1,0,0,0,8
2021-06,INDIGENOUS,MALE,,WARNING ISSUED,0,0,0,0,0,0,5
2021-06,LATINO,FEMALE,,ARREST,4,0,0,0,0,0,2
2021-06,LATINO,FEMALE,,CITATION/SUMMONS,7,0,6,0,3,1,119
2021-06,LATINO,FEMALE,,WARNING ISSUED,0,0,0,0,1,0,26
2021-06,LATINO,MALE,,ARREST,27,0,1,0,0,6,15
2021-06,LATINO,MALE,,CITATION/SUMMONS,21,2,17,0,1,1,232
2021-06,LATINO,MALE,,NO ENFORCEMENT ACTION,2,0,0,0,0,6,1
2021-06,LATINO,MALE,,WARNING ISSUED,0,0,4,0,1,0,75
2021-06,UNKNOWN,FEMALE,,ARREST,1,0,0,0,0,1,0
2021-06,UNKNOWN,FEMALE,,CITATION/SUMMONS,3,0,7,0,1,0,196
2021-06,UNKNOWN,FEMALE,,NO ENFORCEMENT ACTION,1,0,0,0,0,0,0
2021-06,UNKNOWN,FEMALE,,WARNING ISSUED,0,0,2,0,1,0,14
2021-06,UNKNOWN,MALE,,ARREST,0,0,0,0,0,0,1
2021-06,UNKNOWN,MALE,,CITATION/SUMMONS,5,0,9,0,3,1,224
2021-06,UNKNOWN,MALE,,NO ENFORCEMENT ACTION,0,0,0,0,0,1,0
2021-06,UNKNOWN,MALE,,WARNING ISSUED,0,0,0,0,0,1,22
2021-06,WHITE,FEMALE,,ARREST,8,0,2,0,0,2,1
2021-06,WHITE,FEMALE,,CITATION/SUMMONS,4,0,15,0,1,1,340
2021-06,WHITE,FEMALE,,NO ENFORCEMENT ACTION,1,0,0,0,0,3,1
2021-06,WHITE,FEMALE,,WARNING ISSUED,1,0,4,0,0,1,82
2021-06,WHITE,MALE,,ARREST,17,0,0,0,0,2,21
2021-06,WHITE,MALE,,CITATION/SUMMONS,21,1,25,0,2,1,474
2021-06,WHITE,MALE,,NO ENFORCEMENT ACTION,1,0,0,0,0,7,1
2021-06,WHITE,MALE,,WARNING ISSUED,0,0,8,0,2,0,139
2021-06,WHITE,MISSING,,WARNING ISSUED,0,0,0,0,0,0,1
2021-06,WHITE,OTHER,,CITATION/SUMMONS,0,0,0,0,0,0,1
2021-07,ASIAN/PACIFIC ISLANDER,FEMALE,,CITATION/SUMMONS,2,0,2,0,0,0,43
2021-07,ASIAN/PACIFIC ISLANDER,FEMALE,,NO ENFORCEMENT ACTION,1,0,0,0,0,0,0
2021-07,ASIAN/PACIFIC ISLANDER,FEMALE,,WARNING ISSUED,0,0,0,0,0,0,18
2021-07,ASIAN/PACIFIC ISLANDER,MALE,,ARREST,1,0,0,0,0,0,1
2021-07,ASIAN/PACIFIC ISLANDER,MALE,,CITATION/SUMMONS,2,0,2,0,0,0,60
2021-07,ASIAN/PACIFIC ISLANDER,MALE,,WARNING ISSUED,0,1,1,0,2,0,23
2021-07,BLACK,FEMALE,,ARREST,0,0,0,0,0,2,3
2021-07,BLACK,FEMALE,,CITATION/SUMMONS,1,0,7,0,0,0,74
2021-07,BLACK,FEMALE,,NO ENFORCEMENT ACTION,0,0,0,0,0,2,1
2021-07,BLACK,FEMALE,,WARNING ISSUED,0,1,2,0,0,1,42
2021-07,BLACK,MALE,,ARREST,1,0,0,0,0,0,0
2021-07,BLACK,MALE,,CITATION/SUMMONS,3,0,8,0,0,0,135
2021-07,BLACK,MALE,,NO ENFORCEMENT ACTION,3,0,1,0,3,5,1
2021-07,BLACK,MALE,,WARNING ISSUED,0,0,4,0,1,1,76
2021-07,INDIGENOUS,FEMALE,,CITATION/SUMMONS,0,0,0,0,0,0,3
2021-07,INDIGENOUS,MALE,,CITATION/SUMMONS,0,0,0,0,0,0,4
2021-07,INDIGENOUS,MALE,,WARNING ISSUED,0,0,0,0,0,0,2
2021-07,LATINO,FEMALE,,ARREST,2,0,0,0,0,2,1
2021-07,LATINO,FEMALE,,CITATION/SUMMONS,5,0,7,0,2,0,80
2021-07,LATINO,FEMALE,,NO ENFORCEMENT ACTION,0,0,0,0,0,1,0
2021-07,LATINO,FEMALE,,WARNING ISSUED,0,0,1,0,0,1,27
2021-07,LATINO,MALE,,ARREST,8,1,0,0,0,2,15
2021-07,LATINO,MALE,,CITATION/SUMMONS,12,1,11,0,1,3,165
2021-07,LATINO,MALE,,NO ENFORCEMENT ACTION,0,1,2,0,1,1,0
2021-07,LATINO,MALE,,WARNING ISSUED,1,2,1,0,0,1,69
2021-07,UNKNOWN,FEMALE,,CITATION/SUMMONS,1,0,3,0,0,1,187
2021-07,UNKNOWN,FEMALE,,WARNING ISSUED,0,0,2,0,0,0,14
2021-07,UNKNOWN,MALE,,ARREST,0,0,0,0,0,0,1
2021-07,UNKNOWN,MALE,,CITATION/SUMMONS,2,0,4,0,1,1,208
2021-07,UNKNOWN,MALE,,NO ENFORCEMENT ACTION,0,0,0,0,0,1,2
2021-07,UNKNOWN,MALE,,WARNING ISSUED,0,0,3,0,1,0,45
2021-07,WHITE,FEMALE,,ARREST,2,1,0,0,0,0,2
2021-07,WHITE,FEMALE,,CITATION/SUMMONS,5,0,12,0,0,0,234
2021-07,WHITE,FEMALE,,NO ENFORCEMENT ACTION,4,0,0,0,1,2,0
2021-07,WHITE,FEMALE,,WARNING ISSUED,2,1,3,0,2,0,70
2021-07,WHITE,MALE,,ARREST,2,0,0,0,0,2,5
2021-07,WHITE,MALE,,CITATION/SUMMONS,6,0,29,0,4,2,337
2021-07,WHITE,MALE,,NO ENFORCEMENT ACTION,1,3,0,0,1,4,2
2021-07,WHITE,MALE,,WARNING ISSUED,0,0,8,0,0,1,148
2021-08,ASIAN/PACIFIC ISLANDER,FEMALE,,CITATION/SUMMONS,0,0,1,0,0,0,36
2021-08,ASIAN/PACIFIC ISLANDER,FEMALE,,NO ENFORCEMENT ACTION,0,0,0,0,0,2,0
2021-08,ASIAN/PACIFIC ISLANDER,FEMALE,,WARNING ISSUED,1,0,0,0,0,0,12
2021-08,ASIAN/PACIFIC ISLANDER,MALE,,ARREST,0,1,0,0,0,0,1
2021-08,ASIAN/PACIFIC ISLANDER,MALE,,CITATION/SUMMONS,3,0,2,0,0,0,30
2021-08,ASIAN/PACIFIC ISLANDER,MALE,,NO ENFORCEMENT ACTION,0,0,0,0,0,2,0
2021-08,ASIAN/PACIFIC ISLANDER,MALE,,WARNING ISSUED,1,0,1,0,2,1,7
2021-08,BLACK,FEMALE,,ARREST,0,0,0,0,0,1,0
2021-08,BLACK,FEMALE,,CITATION/SUMMONS,5,0,2,0,0,1,46
2021-08,BLACK,FEMALE,,NO ENFORCEMENT ACTION,1,0,0,0,0,1,1
2021-08,BLACK,FEMALE,,WARNING ISSUED,0,0,1,0,0,0,18
2021-08,BLACK,MALE,,ARREST,2,0,0,0,0,0,5
2021-08,BLACK,MALE,,CITATION/SUMMONS,7,0,2,0,0,1,61
2021-08,BLACK,MALE,,NO ENFORCEMENT ACTION,0,0,0,0,0,1,2
2021-08,BLACK,MALE,,WARNING ISSUED,0,0,3,0,2,2,34
2021-08,INDIGENOUS,FEMALE,,CITATION/SUMMONS,0,0,1,0,0,0,1
2021-08,INDIGENOUS,MALE,,CITATION/SUMMONS,0,0,0,0,0,0,3
2021-08,INDIGENOUS,MALE,,WARNING ISSUED,0,0,0,0,0,0,1
2021-08,LATINO,FEMALE,,ARREST,1,0,0,0,0,1,1
2021-08,LATINO,FEMALE,,CITATION/SUMMONS,4,0,0,0,1,0,59
2021-08,LATINO,FEMALE,,WARNING ISSUED,0,0,1,0,2,1,10
2021-08,LATINO,MALE,,ARREST,6,1,0,0,0,1,13
2021-08,LATINO,MALE,,CITATION/SUMMONS,10,0,9,0,0,0,96
2021-08,LATINO,MALE,,NO ENFORCEMENT ACTION,2,0,0,0,0,1,0
2021-08,LATINO,MALE,,WARNING ISSUED,0,1,2,0,0,3,47
2021-08,UNKNOWN,FEMALE,,CITATION/SUMMONS,4,0,4,0,0,0,79
2021-08,UNKNOWN,FEMALE,,WARNING ISSUED,0,0,1,0,0,0,8
2021-08,UNKNOWN,MALE,,CITATION/SUMMONS,6,0,4,0,0,0,105
2021-08,UNKNOWN,MALE,,NO ENFORCEMENT ACTION,1,0,0,0,0,1,0
2021-08,UNKNOWN,MALE,,WARNING ISSUED,0,0,2,0,0,0,22
2021-08,WHITE,FEMALE,,ARREST,2,1,0,0,0,0,3
2021-08,WHITE,FEMALE,,CITATION/SUMMONS,3,0,6,0,1,0,114
2021-08,WHITE,FEMALE,,NO ENFORCEMENT ACTION,3,0,1,0,0,2,0
2021-08,WHITE,FEMALE,,WARNING ISSUED,1,0,0,0,0,1,41
2021-08,WHITE,MALE,,ARREST,3,0,0,0,0,0,2
2021-08,WHITE,MALE,,CITATION/SUMMONS,14,1,13,0,1,1,195
2021-08,WHITE,MALE,,NO ENFORCEMENT ACTION,6,0,1,0,1,2,0
2021-08,WHITE,MALE,,WARNING ISSUED,0,0,3,0,0,3,62
2021-09,ASIAN/PACIFIC ISLANDER,FEMALE,,ARREST,1,0,0,0,0,0,0
2021-09,ASIAN/PACIFIC ISLANDER,FEMALE,,CITATION/SUMMONS,3,0,0,0,0,0,19
2021-09,ASIAN/PACIFIC ISLANDER,FEMALE,,WARNING ISSUED,0,0,1,0,0,0,16
2021-09,ASIAN/PACIFIC ISLANDER,MALE,,CITATION/SUMMONS,4,0,0,0,0,0,23
2021-09,ASIAN/PACIFIC ISLANDER,MALE,,NO ENFORCEMENT ACTION,0,0,0,0,0,1,1
2021-09,ASIAN/PACIFIC ISLANDER,MALE,,WARNING ISSUED,0,0,1,0,0,0,16
2021-09,BLACK,FEMALE,,ARREST,0,0,0,0,0,0,3
2021-09,BLACK,FEMALE,,CITATION/SUMMONS,6,0,1,0,0,0,35
2021-09,BLACK,FEMALE,,NO ENFORCEMENT ACTION,1,0,0,0,0,0,2
2021-09,BLACK,FEMALE,,WARNING ISSUED,0,0,0,0,0,0,38
2021-09,BLACK,MALE,,ARREST,2,0,0,0,0,0,2
2021-09,BLACK,MALE,,CITATION/SUMMONS,15,0,4,0,0,1,89
2021-09,BLACK,MALE,,NO ENFORCEMENT ACTION,2,0,0,0,0,5,0
2021-09,BLACK,MALE,,WARNING ISSUED,0,0,3,0,1,2,63
2021-09,INDIGENOUS,FEMALE,,CITATION/SUMMONS,0,0,0,0,0,0,1
2021-09,INDIGENOUS,FEMALE,,WARNING ISSUED,0,0,0,0,0,0,2
2021-09,INDIGENOUS,MALE,,CITATION/SUMMONS,0,0,0,0,0,0,2
2021-09,LATINO,FEMALE,,ARREST,3,0,0,0,0,0,5
2021-09,LATINO,FEMALE,,CITATION/SUMMONS,9,1,0,0,1,0,38
2021-09,LATINO,FEMALE,,NO ENFORCEMENT ACTION,1,0,0,0,0,1,1
2021-09,LATINO,FEMALE,,WARNING ISSUED,0,0,1,0,0,0,41
2021-09,LATINO,MALE,,ARREST,6,0,1,0,0,1,7
2021-09,LATINO,MALE,,CITATION/SUMMONS,17,0,6,0,2,0,87
2021-09,LATINO,MALE,,NO ENFORCEMENT ACTION,0,0,0,0,1,6,0
2021-09,LATINO,MALE,,WARNING ISSUED,0,0,2,0,0,3,71
2021-09,UNKNOWN,FEMALE,,CITATION/SUMMONS,2,0,1,0,0,0,15
2021-09,UNKNOWN,FEMALE,,NO ENFORCEMENT ACTION,0,0,1,0,0,0,0
2021-09,UNKNOWN,FEMALE,,WARNING ISSUED,0,0,0,0,0,0,23
2021-09,UNKNOWN,MALE,,ARREST,0,0,0,0,0,0,1
2021-09,UNKNOWN,MALE,,CITATION/SUMMONS,2,0,1,0,1,0,21
2021-09,UNKNOWN,MALE,,NO ENFORCEMENT ACTION,0,0,0,0,0,1,1
2021-09,UNKNOWN,MALE,,WARNING ISSUED,0,0,0,0,0,1,39
2021-09,WHITE,FEMALE,,ARREST,0,0,0,0,0,0,3
2021-09,WHITE,FEMALE,,CITATION/SUMMONS,9,0,0,0,2,0,96
2021-09,WHITE,FEMALE,,NO ENFORCEMENT ACTION,1,0,0,0,0,2,1
2021-09,WHITE,FEMALE,,WARNING ISSUED,1,0,4,0,1,0,91
2021-09,WHITE,MALE,,ARREST,5,0,1,0,0,1,4
2021-09,WHITE,MALE,,CITATION/SUMMONS,13,0,5,0,1,0,207
2021-09,WHITE,MALE,,NO ENFORCEMENT ACTION,5,0,0,0,0,6,0
2021-09,WHITE,MALE,,WARNING ISSUED,1,0,9,0,2,2,142
2021-10,ASIAN/PACIFIC ISLANDER,FEMALE,,CITATION/SUMMONS,3,0,0,0,0,0,34
2021-10,ASIAN/PACIFIC ISLANDER,FEMALE,,NO ENFORCEMENT ACTION,0,0,0,0,0,0,1
2021-10,ASIAN/PACIFIC ISLANDER,FEMALE,,WARNING ISSUED,0,0,0,0,1,0,15
2021-10,ASIAN/PACIFIC ISLANDER,MALE,,ARREST,1,0,0,0,0,0,2
2021-10,ASIAN/PACIFIC ISLANDER,MALE,,CITATION/SUMMONS,5,0,1,0,0,0,46
2021-10,ASIAN/PACIFIC ISLANDER,MALE,,NO ENFORCEMENT ACTION,0,0,0,0,0,4,0
2021-10,ASIAN/PACIFIC ISLANDER,MALE,,WARNING ISSUED,0,0,0,0,0,1,28
2021-10,BLACK,FEMALE,,ARREST,0,0,0,0,0,0,3
2021-10,BLACK,FEMALE,,CITATION/SUMMONS,4,0,4,0,0,1,56
2021-10,BLACK,FEMALE,,WARNING ISSUED,0,0,0,0,0,0,37
2021-10,BLACK,MALE,,ARREST,0,0,0,0,0,1,1
2021-10,BLACK,MALE,,CITATION/SUMMONS,5,0,0,0,1,1,109
2021-10,BLACK,MALE,,NO ENFORCEMENT ACTION,3,0,0,0,0,1,1
2021-10,BLACK,MALE,,WARNING ISSUED,0,0,3,0,0,0,67
2021-10,INDIGENOUS,FEMALE,,WARNING ISSUED,0,0,0,0,0,0,1
2021-10,INDIGENOUS,MALE,,CITATION/SUMMONS,0,0,1,0,0,0,5
2021-10,INDIGENOUS,MALE,,WARNING ISSUED,0,0,0,0,0,0,3
2021-10,LATINO,FEMALE,,ARREST,1,0,0,0,0,1,2
2021-10,LATINO,FEMALE,,CITATION/SUMMONS,7,0,1,0,0,2,61
2021-10,LATINO,FEMALE,,NO ENFORCEMENT ACTION,0,0,0,0,0,1,3
2021-10,LATINO,FEMALE,,WARNING ISSUED,0,0,2,0,0,0,20
2021-10,LATINO,MALE,,ARREST,5,0,0,0,0,2,11
2021-10,LATINO,MALE,,CITATION/SUMMONS,18,0,6,0,7,2,154
2021-10,LATINO,MALE,,NO ENFORCEMENT ACTION,1,0,0,0,0,4,0
2021-10,LATINO,MALE,,WARNING ISSUED,1,0,6,0,0,2,50
2021-10,LATINO,OTHER,,WARNING ISSUED,0,0,0,0,0,0,1
2021-10,UNKNOWN,FEMALE,,ARREST,0,0,0,0,0,0,1
2021-10,UNKNOWN,FEMALE,,CITATION/SUMMONS,3,0,1,0,0,0,63
2021-10,UNKNOWN,FEMALE,,NO ENFORCEMENT ACTION,0,0,0,0,0,1,0
2021-10,UNKNOWN,FEMALE,,WARNING ISSUED,0,0,1,0,0,1,11
2021-10,UNKNOWN,MALE,,ARREST,0,0,0,0,0,1,0
2021-10,UNKNOWN,MALE,,CITATION/SUMMONS,1,0,1,0,1,0,97
2021-10,UNKNOWN,MALE,,NO ENFORCEMENT ACTION,0,0,0,0,0,2,1
2021-10,UNKNOWN,MALE,,WARNING ISSUED,0,0,2,0,1,0,34
2021-10,WHITE,FEMALE,,ARREST,1,0,0,0,0,1,5
2021-10,WHITE,FEMALE,,CITATION/SUMMONS,16,0,4,0,1,2,157
2021-10,WHITE,FEMALE,,NO ENFORCEMENT ACTION,2,0,0,0,0,1,1
2021-10,WHITE,FEMALE,,WARNING ISSUED,0,0,4,0,1,1,62
2021-10,WHITE,MALE,,ARREST,3,0,0,0,0,2,3
2021-10,WHITE,MALE,,CITATION/SUMMONS,14,0,7,0,1,2,266
2021-10,WHITE,MALE,,NO ENFORCEMENT ACTION,1,0,0,0,0,5,0
2021-10,WHITE,MALE,,WARNING ISSUED,3,0,3,0,0,1,118
2021-11,ASIAN/PACIFIC ISLANDER,FEMALE,,ARREST,0,0,0,0,0,0,1
2021-11,ASIAN/PACIFIC ISLANDER,FEMALE,,CITATION/SUMMONS,4,0,2,0,0,0,52
2021-11,ASIAN/PACIFIC ISLANDER,FEMALE,,NO ENFORCEMENT ACTION,0,0,0,0,0,0,1
2021-11,ASIAN/PACIFIC ISLANDER,FEMALE,,WARNING ISSUED,0,0,1,0,0,0,17
2021-11,ASIAN/PACIFIC ISLANDER,MALE,,ARREST,0,0,0,0,0,0,1
2021-11,ASIAN/PACIFIC ISLANDER,MALE,,CITATION/SUMMONS,2,0,5,0,1,0,83
2021-11,ASIAN/PACIFIC ISLANDER,MALE,,NO ENFORCEMENT ACTION,0,0,0,0,0,1,0
2021-11,ASIAN/PACIFIC ISLANDER,MALE,,WARNING ISSUED,0,0,1,0,0,0,41
2021-11,BLACK,FEMALE,,ARREST,0,0,0,0,0,0,1
2021-11,BLACK,FEMALE,,CITATION/SUMMONS,4,0,3,0,0,0,88
2021-11,BLACK,FEMALE,,NO ENFORCEMENT ACTION,2,0,0,0,0,0,2
2021-11,BLACK,FEMALE,,WARNING ISSUED,0,0,0,0,0,0,39
2021-11,BLACK,MALE,,ARREST,1,0,0,0,0,0,3
2021-11,BLACK,MALE,,CITATION/SUMMONS,8,0,8,0,0,1,155
2021-11,BLACK,MALE,,NO ENFORCEMENT ACTION,0,0,0,0,0,4,7
2021-11,BLACK,MALE,,WARNING ISSUED,0,0,5,0,0,0,90
2021-11,INDIGENOUS,FEMALE,,CITATION/SUMMONS,0,0,0,0,0,0,2
2021-11,INDIGENOUS,FEMALE,,WARNING ISSUED,0,0,0,0,0,0,3
2021-11,INDIGENOUS,MALE,,CITATION/SUMMONS,0,0,0,0,0,0,3
2021-11,INDIGENOUS,MALE,,WARNING ISSUED,0,0,0,0,0,0,3
2021-11,LATINO,FEMALE,,ARREST,1,0,0,0,0,0,1
2021-11,LATINO,FEMALE,,CITATION/SUMMONS,8,0,7,0,0,0,100
2021-11,LATINO,FEMALE,,NO ENFORCEMENT ACTION,0,0,0,0,0,1,1
2021-11,LATINO,FEMALE,,WARNING ISSUED,0,0,0,0,0,0,45
2021-11,LATINO,MALE,,ARREST,5,0,0,0,0,1,23
2021-11,LATINO,MALE,,CITATION/SUMMONS,16,0,17,0,0,3,185
2021-11,LATINO,MALE,,NO ENFORCEMENT ACTION,2,0,0,0,0,0,3
2021-11,LATINO,MALE,,WARNING ISSUED,0,0,1,0,0,0,65
2021-11,UNKNOWN,FEMALE,,CITATION/SUMMONS,1,0,4,0,1,0,193
2021-11,UNKNOWN,FEMALE,,NO ENFORCEMENT ACTION,1,0,0,0,0,1,1
2021-11,UNKNOWN,FEMALE,,WARNING ISSUED,0,0,2,0,0,0,31
2021-11,UNKNOWN,MALE,,CITATION/SUMMONS,2,0,9,0,2,0,246
2021-11,UNKNOWN,MALE,,NO ENFORCEMENT ACTION,0,0,0,0,1,0,0
2021-11,UNKNOWN,MALE,,WARNING ISSUED,0,0,7,0,1,0,39
2021-11,UNKNOWN,OTHER,,WARNING ISSUED,0,0,0,0,0,0,1
2021-11,WHITE,FEMALE,,ARREST,1,0,0,0,0,0,5
2021-11,WHITE,FEMALE,,CITATION/SUMMONS,8,0,5,0,0,0,278
2021-11,WHITE,FEMALE,,WARNING ISSUED,0,0,0,0,1,1,76
2021-11,WHITE,MALE,,ARREST,7,0,0,0,0,2,5
2021-11,WHITE,MALE,,CITATION/SUMMONS,18,0,23,0,0,1,413
2021-11,WHITE,MALE,,NO ENFORCEMENT ACTION,5,0,1,0,0,2,3
2021-11,WHITE,MALE,,WARNING ISSUED,1,0,5,0,0,0,129
2021-12,ASIAN/PACIFIC ISLANDER,FEMALE,,CITATION/SUMMONS,3,0,1,0,2,0,41
2021-12,ASIAN/PACIFIC ISLANDER,FEMALE,,NO ENFORCEMENT ACTION,1,0,0,0,0,0,0
2021-12,ASIAN/PACIFIC ISLANDER,FEMALE,,WARNING ISSUED,0,0,1,0,0,0,17
2021-12,ASIAN/PACIFIC ISLANDER,MALE,,ARREST,0,0,0,0,0,0,2
2021-12,ASIAN/PACIFIC ISLANDER,MALE,,CITATION/SUMMONS,6,0,2,0,2,0,66
2021-12,ASIAN/PACIFIC ISLANDER,MALE,,NO ENFORCEMENT ACTION,1,0,0,0,0,0,0
2021-12,ASIAN/PACIFIC ISLANDER,MALE,,WARNING ISSUED,1,0,1,0,0,1,31
2021-12,BLACK,FEMALE,,CITATION/SUMMONS,5,0,4,0,0,0,53
2021-12,BLACK,FEMALE,,NO ENFORCEMENT ACTION,0,0,0,0,0,2,1
2021-12,BLACK,FEMALE,,WARNING ISSUED,0,0,4,0,1,1,45
2021-12,BLACK,MALE,,ARREST,1,0,0,0,0,2,1
2021-12,BLACK,MALE,,CITATION/SUMMONS,5,0,5,0,0,0,147
2021-12,BLACK,MALE,,NO ENFORCEMENT ACTION,2,0,0,0,1,3,3
2021-12,BLACK,MALE,,WARNING ISSUED,0,0,7,0,0,2,86
2021-12,INDIGENOUS,FEMALE,,CITATION/SUMMONS,0,0,0,0,0,0,2
2021-12,INDIGENOUS,FEMALE,,WARNING ISSUED,0,0,0,0,0,0,2
2021-12,INDIGENOUS,MALE,,CITATION/SUMMONS,0,0,0,0,0,0,3
2021-12,INDIGENOUS,MALE,,WARNING ISSUED,0,0,0,0,0,0,3
2021-12,LATINO,FEMALE,,ARREST,0,0,0,0,0,0,2
2021-12,LATINO,FEMALE,,CITATION/SUMMONS,13,0,4,0,0,0,65
2021-12,LATINO,FEMALE,,NO ENFORCEMENT ACTION,1,0,0,0,0,1,0
2021-12,LATINO,FEMALE,,WARNING ISSUED,0,0,0,0,0,0,31
2021-12,LATINO,MALE,,ARREST,8,0,0,0,0,2,12
2021-12,LATINO,MALE,,CITATION/SUMMONS,21,0,16,0,3,3,179
2021-12,LATINO,MALE,,NO ENFORCEMENT ACTION,1,0,0,0,0,7,1
2021-12,LATINO,MALE,,WARNING ISSUED,2,0,2,0,0,0,60
2021-12,UNKNOWN,FEMALE,,ARREST,0,0,0,0,0,0,1
2021-12,UNKNOWN,FEMALE,,CITATION/SUMMONS,1,0,0,0,0,1,135
2021-12,UNKNOWN,FEMALE,,NO ENFORCEMENT ACTION,0,0,0,0,0,1,0
2021-12,UNKNOWN,FEMALE,,WARNING ISSUED,1,0,1,0,0,0,25
2021-12,UNKNOWN,MALE,,CITATION/SUMMONS,1,0,8,0,0,0,225
2021-12,UNKNOWN,MALE,,NO ENFORCEMENT ACTION,1,0,0,0,0,2,1
2021-12,UNKNOWN,MALE,,WARNING ISSUED,0,0,1,0,0,0,38
2021-12,WHITE,FEMALE,,ARREST,2,0,0,0,0,0,3
2021-12,WHITE,FEMALE,,CITATION/SUMMONS,4,0,11,0,0,3,202
2021-12,WHITE,FEMALE,,NO ENFORCEMENT ACTION,7,0,0,0,0,0,2
2021-12,WHITE,FEMALE,,WARNING ISSUED,0,0,5,0,0,5,70
2021-12,WHITE,MALE,,ARREST,1,0,0,0,0,1,6
2021-12,WHITE,MALE,,CITATION/SUMMONS,10,0,20,0,0,0,350
2021-12,WHITE,MALE,,NO ENFORCEMENT ACTION,2,0,0,0,1,2,2
2021-12,WHITE,MALE,,WARNING ISSUED,2,0,6,0,2,5,113
2021-12,WHITE,OTHER,,CITATION/SUMMONS,0,0,0,0,0,0,1
2022-01,ASIAN/PACIFIC ISLANDER,FEMALE,,CITATION/SUMMONS,5,0,0,0,0,0,40
2022-01,ASIAN/PACIFIC ISLANDER,FEMALE,,WARNING ISSUED,0,0,0,0,0,0,18
2022-01,ASIAN/PACIFIC ISLANDER,MALE,,ARREST,1,0,0,0,0,0,0
2022-01,ASIAN/PACIFIC ISLANDER,MALE,,CITATION/SUMMONS,6,0,1,0,1,0,41
2022-01,ASIAN/PACIFIC ISLANDER,MALE,,WARNING ISSUED,0,0,3,0,0,0,30
2022-01,BLACK,FEMALE,,ARREST,0,0,0,0,0,1,0
2022-01,BLACK,FEMALE,,CITATION/SUMMONS,5,0,0,0,0,0,47
2022-01,BLACK,FEMALE,,WARNING ISSUED,0,0,2,0,0,1,39
2022-01,BLACK,MALE,,ARREST,2,0,0,0,0,1,4
2022-01,BLACK,MALE,,CITATION/SUMMONS,1,0,8,0,1,1,103
2022-01,BLACK,MALE,,NO ENFORCEMENT ACTION,3,0,0,0,0,3,3
2022-01,BLACK,MALE,,WARNING ISSUED,0,0,1,0,0,0,58
2022-01,INDIGENOUS,FEMALE,,WARNING ISSUED,0,0,0,0,0,0,1
2022-01,INDIGENOUS,MALE,,CITATION/SUMMONS,0,0,0,0,0,0,4
2022-01,INDIGENOUS,MALE,,WARNING ISSUED,0,0,0,0,0,0,1
2022-01,LATINO,FEMALE,,ARREST,0,0,0,0,0,0,3
2022-01,LATINO,FEMALE,,CITATION/SUMMONS,4,0,2,0,0,0,52
2022-01,LATINO,FEMALE,,NO ENFORCEMENT ACTION,0,0,0,0,0,1,0
2022-01,LATINO,FEMALE,,WARNING ISSUED,0,0,7,0,0,0,17
2022-01,LATINO,MALE,,ARREST,11,0,0,0,0,2,12
2022-01,LATINO,MALE,,CITATION/SUMMONS,17,0,10,0,2,1,162
2022-01,LATINO,MALE,,NO ENFORCEMENT ACTION,2,0,0,0,0,2,3
2022-01,LATINO,MALE,,WARNING ISSUED,0,0,3,0,0,2,49
2022-01,UNKNOWN,FEMALE,,CITATION/SUMMONS,3,0,4,0,0,0,78
2022-01,UNKNOWN,FEMALE,,WARNING ISSUED,0,0,0,0,0,0,18
2022-01,UNKNOWN,MALE,,ARREST,0,0,0,0,0,0,1
2022-01,UNKNOWN,MALE,,CITATION/SUMMONS,1,0,1,0,0,0,136
2022-01,UNKNOWN,MALE,,NO ENFORCEMENT ACTION,0,0,0,0,0,4,1
2022-01,UNKNOWN,MALE,,WARNING ISSUED,0,0,2,0,0,0,30
2022-01,WHITE,FEMALE,,ARREST,2,0,0,0,0,1,1
2022-01,WHITE,FEMALE,,CITATION/SUMMONS,10,0,7,0,1,2,148
2022-01,WHITE,FEMALE,,NO ENFORCEMENT ACTION,3,0,0,0,0,1,0
2022-01,WHITE,FEMALE,,WARNING ISSUED,0,0,6,0,0,1,50
2022-01,WHITE,MALE,,ARREST,5,0,0,0,0,0,2
2022-01,WHITE,MALE,,CITATION/SUMMONS,16,0,9,0,1,0,239
2022-01,WHITE,MALE,,NO ENFORCEMENT ACTION,2,0,0,0,0,6,3
2022-01,WHITE,MALE,,WARNING ISSUED,1,0,10,0,0,2,99
2022-02,ASIAN/PACIFIC ISLANDER,FEMALE,,ARREST,1,0,0,0,0,0,0
2022-02,ASIAN/PACIFIC ISLANDER,FEMALE,,CITATION/SUMMONS,2,0,0,0,0,0,57
2022-02,ASIAN/PACIFIC ISLANDER,FEMALE,,WARNING ISSUED,0,0,0,0,0,0,15
2022-02,ASIAN/PACIFIC ISLANDER,MALE,,CITATION/SUMMONS,1,0,2,0,0,0,59
2022-02,ASIAN/PACIFIC ISLANDER,MALE,,NO ENFORCEMENT ACTION,0,0,0,0,0,3,0
2022-02,ASIAN/PACIFIC ISLANDER,MALE,,WARNING ISSUED,0,0,3,0,0,2,22
2022-02,BLACK,FEMALE,,ARREST,0,0,0,0,0,0,2
2022-02,BLACK,FEMALE,,CITATION/SUMMONS,1,0,3,0,0,0,89
2022-02,BLACK,FEMALE,,NO ENFORCEMENT ACTION,1,0,0,0,0,1,0
2022-02,BLACK,FEMALE,,WARNING ISSUED,0,0,7,0,0,0,40
2022-02,BLACK,MALE,,ARREST,2,0,0,0,0,0,1
2022-02,BLACK,MALE,,CITATION/SUMMONS,6,0,7,0,1,0,119
2022-02,BLACK,MALE,,NO ENFORCEMENT ACTION,1,0,0,0,0,4,7
2022-02,BLACK,MALE,,WARNING ISSUED,0,0,5,0,1,4,72
2022-02,BLACK,MISSING,,WARNING ISSUED,0,0,0,0,0,0,1
2022-02,INDIGENOUS,FEMALE,,ARREST,1,0,0,0,0,0,0
2022-02,INDIGENOUS,FEMALE,,CITATION/SUMMONS,0,0,0,0,0,0,5
2022-02,INDIGENOUS,FEMALE,,WARNING ISSUED,0,0,0,0,0,0,3
2022-02,INDIGENOUS,MALE,,CITATION/SUMMONS,0,0,0,0,0,0,6
2022-02,INDIGENOUS,MALE,,WARNING ISSUED,1,0,2,0,0,0,1
2022-02,LATINO,FEMALE,,ARREST,0,0,0,0,0,0,2
2022-02,LATINO,FEMALE,,CITATION/SUMMONS,4,0,6,0,0,0,91
2022-02,LATINO,FEMALE,,NO ENFORCEMENT ACTION,0,0,0,0,0,1,1
2022-02,LATINO,FEMALE,,WARNING ISSUED,0,0,2,0,0,0,30
2022-02,LATINO,MALE,,ARREST,6,0,0,0,0,5,14
2022-02,LATINO,MALE,,CITATION/SUMMONS,16,0,12,0,2,0,172
2022-02,LATINO,MALE,,NO ENFORCEMENT ACTION,0,0,0,0,0,5,4
2022-02,LATINO,MALE,,WARNING ISSUED,0,0,2,0,0,1,45
2022-02,UNKNOWN,FEMALE,,CITATION/SUMMONS,3,0,4,0,0,0,126
2022-02,UNKNOWN,FEMALE,,NO ENFORCEMENT ACTION,1,0,0,0,0,0,0
2022-02,UNKNOWN,FEMALE,,WARNING ISSUED,0,0,0,0,0,1,17
2022-02,UNKNOWN,MALE,,ARREST,1,0,0,0,0,0,0
2022-02,UNKNOWN,MALE,,CITATION/SUMMONS,6,0,11,0,0,0,221
2022-02,UNKNOWN,MALE,,NO ENFORCEMENT ACTION,1,0,0,0,0,2,1
2022-02,UNKNOWN,MALE,,WARNING ISSUED,0,0,4,0,0,1,28
2022-02,WHITE,FEMALE,,ARREST,2,0,0,0,0,0,3
2022-02,WHITE,FEMALE,,CITATION/SUMMONS,5,0,3,0,2,0,198
2022-02,WHITE,FEMALE,,NO ENFORCEMENT ACTION,4,0,0,0,0,1,0
2022-02,WHITE,FEMALE,,WARNING ISSUED,1,0,0,0,0,1,69
2022-02,WHITE,MALE,,ARREST,1,0,0,0,0,0,5
2022-02,WHITE,MALE,,CITATION/SUMMONS,13,0,17,0,2,2,312
2022-02,WHITE,MALE,,NO ENFORCEMENT ACTION,6,0,1,0,1,7,4
2022-02,WHITE,MALE,,WARNING ISSUED,2,0,5,0,2,4,110
2022-03,ASIAN/PACIFIC ISLANDER,FEMALE,,CITATION/SUMMONS,4,0,3,0,0,1,66
2022-03,ASIAN/PACIFIC ISLANDER,FEMALE,,WARNING ISSUED,0,0,0,0,0,0,26
2022-03,ASIAN/PACIFIC ISLANDER,MALE,,ARREST,0,0,0,0,0,0,2
2022-03,ASIAN/PACIFIC ISLANDER,MALE,,CITATION/SUMMONS,5,0,1,0,0,0,101
2022-03,ASIAN/PACIFIC ISLANDER,MALE,,NO ENFORCEMENT ACTION,0,0,0,0,0,3,0
2022-03,ASIAN/PACIFIC ISLANDER,MALE,,WARNING ISSUED,0,1,2,0,0,0,30
2022-03,BLACK,FEMALE,,ARREST,2,0,0,0,0,0,1
2022-03,BLACK,FEMALE,,CITATION/SUMMONS,3,0,5,0,1,0,81
2022-03,BLACK,FEMALE,,WARNING ISSUED,0,0,5,0,0,0,45
2022-03,BLACK,MALE,,ARREST,2,0,0,0,0,0,2
2022-03,BLACK,MALE,,CITATION/SUMMONS,8,0,9,0,0,1,140
2022-03,BLACK,MALE,,NO ENFORCEMENT ACTION,0,0,0,0,1,6,6
2022-03,BLACK,MALE,,WARNING ISSUED,0,0,4,0,0,0,63
2022-03,INDIGENOUS,FEMALE,,CITATION/SUMMONS,0,0,1,0,0,0,3
2022-03,INDIGENOUS,MALE,,CITATION/SUMMONS,0,0,0,0,0,0,7
2022-03,INDIGENOUS,MALE,,NO ENFORCEMENT ACTION,0,0,0,0,0,0,1
2022-03,INDIGENOUS,MALE,,WARNING ISSUED,0,0,1,0,0,0,4
2022-03,LATINO,FEMALE,,ARREST,1,0,0,0,0,0,1
2022-03,LATINO,FEMALE,,CITATION/SUMMONS,9,0,2,0,1,1,88
2022-03,LATINO,FEMALE,,NO ENFORCEMENT ACTION,0,0,0,0,0,2,2
2022-03,LATINO,FEMALE,,WARNING ISSUED,0,0,0,0,0,0,38
2022-03,LATINO,MALE,,ARREST,4,0,0,0,0,2,8
2022-03,LATINO,MALE,,CITATION/SUMMONS,17,0,12,0,4,2,159
2022-03,LATINO,MALE,,NO ENFORCEMENT ACTION,2,0,0,0,0,2,2
2022-03,LATINO,MALE,,WARNING ISSUED,0,0,2,0,0,3,57
2022-03,UNKNOWN,FEMALE,,CITATION/SUMMONS,2,0,10,0,0,0,166
2022-03,UNKNOWN,FEMALE,,NO ENFORCEMENT ACTION,0,0,0,0,0,1,1
2022-03,UNKNOWN,FEMALE,,WARNING ISSUED,0,0,0,0,0,0,5
2022-03,UNKNOWN,MALE,,CITATION/SUMMONS,5,0,7,0,1,0,225
2022-03,UNKNOWN,MALE,,NO ENFORCEMENT ACTION,0,0,0,0,2,2,2
2022-03,UNKNOWN,MALE,,WARNING ISSUED,0,0,0,0,1,1,26
2022-03,UNKNOWN,MISSING,,CITATION/SUMMONS,0,0,0,0,0,0,2
2022-03,WHITE,FEMALE,,ARREST,0,0,0,0,0,0,2
2022-03,WHITE,FEMALE,,CITATION/SUMMONS,13,0,14,0,0,0,263
2022-03,WHITE,FEMALE,,NO ENFORCEMENT ACTION,0,0,0,0,0,2,1
2022-03,WHITE,FEMALE,,WARNING ISSUED,1,1,3,0,1,0,66
2022-03,WHITE,MALE,,ARREST,2,0,0,0,0,2,4
2022-03,WHITE,MALE,,CITATION/SUMMONS,15,1,30,0,0,2,396
2022-03,WHITE,MALE,,NO ENFORCEMENT ACTION,6,0,0,0,1,3,2
2022-03,WHITE,MALE,,WARNING ISSUED,2,0,7,0,0,0,140
2022-04,ASIAN/PACIFIC ISLANDER,FEMALE,,CITATION/SUMMONS,2,0,0,0,0,0,69
2022-04,ASIAN/PACIFIC ISLANDER,FEMALE,,NO ENFORCEMENT ACTION,0,1,0,0,0,0,0
2022-04,ASIAN/PACIFIC ISLANDER,FEMALE,,WARNING ISSUED,0,0,2,0,0,0,17
2022-04,ASIAN/PACIFIC ISLANDER,MALE,,CITATION/SUMMONS,4,0,5,0,2,0,73
2022-04,ASIAN/PACIFIC ISLANDER,MALE,,NO ENFORCEMENT ACTION,1,0,0,0,0,0,0
2022-04,ASIAN/PACIFIC ISLANDER,MALE,,WARNING ISSUED,0,0,1,0,0,0,17
2022-04,BLACK,FEMALE,,ARREST,1,0,0,0,0,0,2
2022-04,BLACK,FEMALE,,CITATION/SUMMONS,7,0,6,0,0,0,74
2022-04,BLACK,FEMALE,,NO ENFORCEMENT ACTION,0,0,1,0,0,0,2
2022-04,BLACK,FEMALE,,WARNING ISSUED,0,0,3,0,0,0,53
2022-04,BLACK,MALE,,ARREST,3,0,0,0,0,1,2
2022-04,BLACK,MALE,,CITATION/SUMMONS,8,0,9,0,1,2,151
2022-04,BLACK,MALE,,NO ENFORCEMENT ACTION,1,1,0,0,0,5,15
2022-04,BLACK,MALE,,WARNING ISSUED,0,0,3,0,1,2,65
2022-04,INDIGENOUS,FEMALE,,CITATION/SUMMONS,0,0,0,0,0,0,2
2022-04,INDIGENOUS,MALE,,CITATION/SUMMONS,1,0,0,0,0,0,6
2022-04,INDIGENOUS,MALE,,WARNING ISSUED,0,0,0,0,0,0,3
2022-04,LATINO,FEMALE,,ARREST,1,0,0,0,0,0,0
2022-04,LATINO,FEMALE,,CITATION/SUMMONS,10,1,6,0,1,2,105
2022-04,LATINO,FEMALE,,NO ENFORCEMENT ACTION,0,1,0,0,0,2,1
2022-04,LATINO,FEMALE,,WARNING ISSUED,0,0,1,0,0,0,27
2022-04,LATINO,MALE,,ARREST,6,2,0,0,0,2,11
2022-04,LATINO,MALE,,CITATION/SUMMONS,28,3,15,0,1,0,174
2022-04,LATINO,MALE,,NO ENFORCEMENT ACTION,3,2,0,0,1,4,5
2022-04,LATINO,MALE,,WARNING ISSUED,2,0,2,0,0,4,59
2022-04,UNKNOWN,FEMALE,,CITATION/SUMMONS,4,1,6,0,1,0,119
2022-04,UNKNOWN,FEMALE,,NO ENFORCEMENT ACTION,2,1,0,0,0,2,0
2022-04,UNKNOWN,FEMALE,,WARNING ISSUED,0,0,4,0,0,0,23
2022-04,UNKNOWN,MALE,,ARREST,1,0,0,0,0,0,0
2022-04,UNKNOWN,MALE,,CITATION/SUMMONS,3,0,14,0,1,0,164
2022-04,UNKNOWN,MALE,,NO ENFORCEMENT ACTION,1,0,0,0,0,1,1
2022-04,UNKNOWN,MALE,,WARNING ISSUED,0,0,4,0,0,0,26
2022-04,UNKNOWN,MISSING,,CITATION/SUMMONS,0,0,0,0,0,0,1
2022-04,UNKNOWN,MISSING,,WARNING ISSUED,0,0,0,0,0,0,1
2022-04,WHITE,FEMALE,,ARREST,2,0,0,0,0,0,2
2022-04,WHITE,FEMALE,,CITATION/SUMMONS,15,0,29,0,3,1,214
2022-04,WHITE,FEMALE,,NO ENFORCEMENT ACTION,1,1,0,0,0,0,0
2022-04,WHITE,FEMALE,,WARNING ISSUED,0,0,3,0,2,1,71
2022-04,WHITE,MALE,,ARREST,5,0,0,0,0,0,1
2022-04,WHITE,MALE,,CITATION/SUMMONS,20,0,28,0,0,2,360
2022-04,WHITE,MALE,,NO ENFORCEMENT ACTION,3,1,0,0,1,2,1
2022-04,WHITE,MALE,,WARNING ISSUED,2,0,8,0,0,5,147
2022-05,ASIAN/PACIFIC ISLANDER,FEMALE,,CITATION/SUMMONS,4,0,4,0,0,1,49
2022-05,ASIAN/PACIFIC ISLANDER,FEMALE,,NO ENFORCEMENT ACTION,0,0,0,0,0,1,0
2022-05,ASIAN/PACIFIC ISLANDER,FEMALE,,WARNING ISSUED,0,0,0,0,0,0,26
2022-05,ASIAN/PACIFIC ISLANDER,MALE,,ARREST,1,0,0,0,0,0,1
2022-05,ASIAN/PACIFIC ISLANDER,MALE,,CITATION/SUMMONS,3,0,3,0,0,0,91
2022-05,ASIAN/PACIFIC ISLANDER,MALE,,NO ENFORCEMENT ACTION,0,1,0,0,0,0,0
2022-05,ASIAN/PACIFIC ISLANDER,MALE,,WARNING ISSUED,0,0,5,0,0,0,18
2022-05,BLACK,FEMALE,,ARREST,1,0,0,0,0,0,0
2022-05,BLACK,FEMALE,,CITATION/SUMMONS,5,0,6,0,0,0,76
2022-05,BLACK,FEMALE,,NO ENFORCEMENT ACTION,0,0,0,0,0,2,0
2022-05,BLACK,FEMALE,,WARNING ISSUED,0,0,8,0,0,1,25
2022-05,BLACK,MALE,,ARREST,3,0,0,0,0,3,0
2022-05,BLACK,MALE,,CITATION/SUMMONS,8,1,5,0,1,0,106
2022-05,BLACK,MALE,,NO ENFORCEMENT ACTION,3,1,0,0,0,4,5
2022-05,BLACK,MALE,,WARNING ISSUED,0,0,2,0,0,2,71
2022-05,INDIGENOUS,FEMALE,,CITATION/SUMMONS,0,0,0,0,0,0,4
2022-05,INDIGENOUS,FEMALE,,WARNING ISSUED,0,0,0,0,0,0,3
2022-05,INDIGENOUS,MALE,,CITATION/SUMMONS,0,0,0,0,0,0,3
2022-05,INDIGENOUS,MALE,,WARNING ISSUED,0,0,2,0,0,0,2
2022-05,LATINO,FEMALE,,ARREST,1,0,0,0,0,2,2
2022-05,LATINO,FEMALE,,CITATION/SUMMONS,5,1,5,0,0,1,105
2022-05,LATINO,FEMALE,,NO ENFORCEMENT ACTION,0,2,0,0,0,1,0
2022-05,LATINO,FEMALE,,WARNING ISSUED,0,0,3,0,1,0,26
2022-05,LATINO,MALE,,ARREST,4,0,1,0,0,1,18
2022-05,LATINO,MALE,,CITATION/SUMMONS,30,1,11,0,2,1,205
2022-05,LATINO,MALE,,NO ENFORCEMENT ACTION,1,2,0,0,0,4,0
2022-05,LATINO,MALE,,WARNING ISSUED,1,0,6,0,1,2,50
2022-05,UNKNOWN,FEMALE,,CITATION/SUMMONS,3,0,6,0,0,0,77
2022-05,UNKNOWN,FEMALE,,NO ENFORCEMENT ACTION,0,0,0,0,0,0,1
2022-05,UNKNOWN,FEMALE,,WARNING ISSUED,0,0,0,0,0,0,14
2022-05,UNKNOWN,MALE,,ARREST,0,0,0,0,0,0,1
2022-05,UNKNOWN,MALE,,CITATION/SUMMONS,8,0,5,0,0,2,112
2022-05,UNKNOWN,MALE,,NO ENFORCEMENT ACTION,1,0,0,0,0,2,0
2022-05,UNKNOWN,MALE,,WARNING ISSUED,1,0,0,0,1,0,27
2022-05,WHITE,FEMALE,,ARREST,2,0,0,0,0,0,3
2022-05,WHITE,FEMALE,,CITATION/SUMMONS,13,0,9,0,0,1,217
2022-05,WHITE,FEMALE,,NO ENFORCEMENT ACTION,0,1,0,0,0,1,1
2022-05,WHITE,FEMALE,,WARNING ISSUED,1,0,7,0,0,0,70
2022-05,WHITE,MALE,,ARREST,4,2,0,0,0,0,1
2022-05,WHITE,MALE,,CITATION/SUMMONS,17,0,14,0,1,1,352
2022-05,WHITE,MALE,,NO ENFORCEMENT ACTION,7,6,0,0,0,10,0
2022-05,WHITE,MALE,,WARNING ISSUED,1,0,14,0,0,2,109
2022-06,ASIAN/PACIFIC ISLANDER,FEMALE,,CITATION/SUMMONS,7,0,6,0,1,0,62
2022-06,ASIAN/PACIFIC ISLANDER,FEMALE,,WARNING ISSUED,0,0,1,0,0,0,17
2022-06,ASIAN/PACIFIC ISLANDER,MALE,,ARREST,0,1,0,0,0,0,3
2022-06,ASIAN/PACIFIC ISLANDER,MALE,,CITATION/SUMMONS,4,0,4,0,0,1,90
2022-06,ASIAN/PACIFIC ISLANDER,MALE,,NO ENFORCEMENT ACTION,0,0,0,0,0,1,0
2022-06,ASIAN/PACIFIC ISLANDER,MALE,,WARNING ISSUED,1,0,1,0,0,0,29
2022-06,BLACK,FEMALE,,ARREST,1,0,0,0,0,0,0
2022-06,BLACK,FEMALE,,CITATION/SUMMONS,3,0,9,0,0,0,93
2022-06,BLACK,FEMALE,,NO ENFORCEMENT ACTION,5,0,0,0,0,2,0
2022-06,BLACK,FEMALE,,WARNING ISSUED,0,0,8,0,0,1,43
2022-06,BLACK,MALE,,ARREST,0,0,0,0,0,1,5
2022-06,BLACK,MALE,,CITATION/SUMMONS,13,0,13,0,2,1,190
2022-06,BLACK,MALE,,NO ENFORCEMENT ACTION,9,0,0,0,0,9,3
2022-06,BLACK,MALE,,WARNING ISSUED,2,0,10,0,1,3,65
2022-06,BLACK,MISSING,,WARNING ISSUED,0,0,0,0,0,0,1
2022-06,INDIGENOUS,FEMALE,,CITATION/SUMMONS,1,0,1,0,0,0,4
2022-06,INDIGENOUS,FEMALE,,WARNING ISSUED,0,0,1,0,0,0,3
2022-06,INDIGENOUS,MALE,,CITATION/SUMMONS,0,0,0,0,0,0,15
2022-06,INDIGENOUS,MALE,,WARNING ISSUED,0,0,0,0,0,0,3
2022-06,LATINO,FEMALE,,ARREST,1,0,0,0,0,0,2
2022-06,LATINO,FEMALE,,CITATION/SUMMONS,9,0,7,0,1,0,99
2022-06,LATINO,FEMALE,,NO ENFORCEMENT ACTION,2,0,0,0,0,1,0
2022-06,LATINO,FEMALE,,WARNING ISSUED,0,0,5,0,0,2,39
2022-06,LATINO,MALE,,ARREST,10,0,2,0,0,7,13
2022-06,LATINO,MALE,,CITATION/SUMMONS,33,2,19,0,7,1,231
2022-06,LATINO,MALE,,NO ENFORCEMENT ACTION,3,1,0,0,0,13,4
2022-06,LATINO,MALE,,WARNING ISSUED,1,0,2,0,0,3,74
2022-06,UNKNOWN,FEMALE,,CITATION/SUMMONS,4,0,5,0,1,0,152
2022-06,UNKNOWN,FEMALE,,NO ENFORCEMENT ACTION,0,0,0,0,0,0,1
2022-06,UNKNOWN,FEMALE,,WARNING ISSUED,0,0,2,0,0,0,24
2022-06,UNKNOWN,MALE,,ARREST,0,0,0,0,0,1,1
2022-06,UNKNOWN,MALE,,CITATION/SUMMONS,6,0,14,0,0,1,184
2022-06,UNKNOWN,MALE,,NO ENFORCEMENT ACTION,1,0,0,0,0,3,0
2022-06,UNKNOWN,MALE,,WARNING ISSUED,1,0,3,0,0,1,38
2022-06,UNKNOWN,MISSING,,CITATION/SUMMONS,0,0,0,0,0,0,1
2022-06,UNKNOWN,OTHER,,CITATION/SUMMONS,0,0,0,0,0,0,1
2022-06,UNKNOWN,OTHER,,WARNING ISSUED,0,0,0,0,1,0,0
2022-06,WHITE,FEMALE,,ARREST,5,0,0,0,0,0,0
2022-06,WHITE,FEMALE,,CITATION/SUMMONS,15,0,12,0,2,3,289
2022-06,WHITE,FEMALE,,NO ENFORCEMENT ACTION,8,0,0,0,0,7,1
2022-06,WHITE,FEMALE,,WARNING ISSUED,0,0,4,0,0,2,87
2022-06,WHITE,MALE,,ARREST,4,0,0,0,0,1,5
2022-06,WHITE,MALE,,CITATION/SUMMONS,22,2,35,0,0,3,539
2022-06,WHITE,MALE,,NO ENFORCEMENT ACTION,4,2,0,0,0,17,3
2022-06,WHITE,MALE,,WARNING ISSUED,1,0,15,0,0,3,136
2022-06,WHITE,MISSING,,CITATION/SUMMONS,0,0,0,0,0,0,1
2022-07,ASIAN/PACIFIC ISLANDER,FEMALE,OTHER VIRGINIA JURISDICTION RESIDENT,CITATION/SUMMONS,0,0,1,0,0,0,13
2022-07,ASIAN/PACIFIC ISLANDER,FEMALE,OTHER VIRGINIA JURISDICTION RESIDENT,WARNING ISSUED,0,0,0,0,0,0,4
2022-07,ASIAN/PACIFIC ISLANDER,FEMALE,OUT OF STATE RESIDENT,CITATION/SUMMONS,0,0,0,0,0,0,7
2022-07,ASIAN/PACIFIC ISLANDER,FEMALE,OUT OF STATE RESIDENT,NO ENFORCEMENT ACTION,0,0,0,0,0,0,1
2022-07,ASIAN/PACIFIC ISLANDER,FEMALE,OUT OF STATE RESIDENT,WARNING ISSUED,0,0,0,0,0,0,2
2022-07,ASIAN/PACIFIC ISLANDER,FEMALE,RESIDENT OF CITY/COUNTY OF STOP,CITATION/SUMMONS,4,0,2,0,0,1,53
2022-07,ASIAN/PACIFIC ISLANDER,FEMALE,RESIDENT OF CITY/COUNTY OF STOP,NO ENFORCEMENT ACTION,0,0,0,0,0,1,1
2022-07,ASIAN/PACIFIC ISLANDER,FEMALE,RESIDENT OF CITY/COUNTY OF STOP,WARNING ISSUED,0,0,0,0,0,0,23
2022-07,ASIAN/PACIFIC ISLANDER,FEMALE,UNKNOWN,WARNING ISSUED,0,0,0,0,0,0,1
2022-07,ASIAN/PACIFIC ISLANDER,MALE,OTHER VIRGINIA JURISDICTION RESIDENT,ARREST,1,0,0,0,0,0,0
2022-07,ASIAN/PACIFIC ISLANDER,MALE,OTHER VIRGINIA JURISDICTION RESIDENT,CITATION/SUMMONS,0,0,1,0,0,0,23
2022-07,ASIAN/PACIFIC ISLANDER,MALE,OTHER VIRGINIA JURISDICTION RESIDENT,NO ENFORCEMENT ACTION,0,0,0,0,0,2,0
2022-07,ASIAN/PACIFIC ISLANDER,MALE,OTHER VIRGINIA JURISDICTION RESIDENT,WARNING ISSUED,0,0,1,0,0,0,2
2022-07,ASIAN/PACIFIC ISLANDER,MALE,OUT OF STATE RESIDENT,CITATION/SUMMONS,0,0,0,0,0,0,8
2022-07,ASIAN/PACIFIC ISLANDER,MALE,OUT OF STATE RESIDENT,NO ENFORCEMENT ACTION,0,0,0,0,0,1,0
2022-07,ASIAN/PACIFIC ISLANDER,MALE,OUT OF STATE RESIDENT,WARNING ISSUED,0,0,1,0,0,0,8
2022-07,ASIAN/PACIFIC ISLANDER,MALE,RESIDENT OF CITY/COUNTY OF STOP,ARREST,0,0,0,0,0,0,1
2022-07,ASIAN/PACIFIC ISLANDER,MALE,RESIDENT OF CITY/COUNTY OF STOP,CITATION/SUMMONS,3,0,1,0,0,0,84
2022-07,ASIAN/PACIFIC ISLANDER,MALE,RESIDENT OF CITY/COUNTY OF STOP,NO ENFORCEMENT ACTION,0,0,0,0,0,3,4
2022-07,ASIAN/PACIFIC ISLANDER,MALE,RESIDENT OF CITY/COUNTY OF STOP,WARNING ISSUED,0,0,2,0,0,1,16
2022-07,ASIAN/PACIFIC ISLANDER,MALE,UNKNOWN,CITATION/SUMMONS,1,0,0,0,0,0,0
2022-07,ASIAN/PACIFIC ISLANDER,MALE,UNKNOWN,WARNING ISSUED,0,0,1,0,0,0,0
2022-07,ASIAN/PACIFIC ISLANDER,UNKNOWN,OUT OF STATE RESIDENT,WARNING ISSUED,0,0,0,0,0,0,1
2022-07,BLACK,FEMALE,OTHER VIRGINIA JURISDICTION RESIDENT,CITATION/SUMMONS,1,0,2,0,0,0,33
2022-07,BLACK,FEMALE,OTHER VIRGINIA JURISDICTION RESIDENT,NO ENFORCEMENT ACTION,0,0,1,0,0,0,1
2022-07,BLACK,FEMALE,OTHER VIRGINIA JURISDICTION RESIDENT,WARNING ISSUED,0,0,2,0,0,0,8
2022-07,BLACK,FEMALE,OUT OF STATE RESIDENT,CITATION/SUMMONS,0,0,0,0,0,0,20
2022-07,BLACK,FEMALE,OUT OF STATE RESIDENT,NO ENFORCEMENT ACTION,1,0,0,0,0,0,0
2022-07,BLACK,FEMALE,OUT OF STATE RESIDENT,WARNING ISSUED,0,0,4,0,0,0,14
2022-07,BLACK,FEMALE,RESIDENT OF CITY/COUNTY OF STOP,ARREST,0,0,0,0,0,0,2
2022-07,BLACK,FEMALE,RESIDENT OF CITY/COUNTY OF STOP,CITATION/SUMMONS,2,0,5,0,0,0,60
2022-07,BLACK,FEMALE,RESIDENT OF CITY/COUNTY OF STOP,NO ENFORCEMENT ACTION,0,0,0,0,0,1,1
2022-07,BLACK,FEMALE,RESIDENT OF CITY/COUNTY OF STOP,WARNING ISSUED,0,0,4,0,1,1,24
2022-07,BLACK,FEMALE,UNKNOWN,CITATION/SUMMONS,0,0,0,0,1,0,1
2022-07,BLACK,FEMALE,UNKNOWN,WARNING ISSUED,0,0,0,0,0,0,3
2022-07,BLACK,MALE,OTHER VIRGINIA JURISDICTION RESIDENT,ARREST,0,0,0,0,0,0,1
2022-07,BLACK,MALE,OTHER VIRGINIA JURISDICTION RESIDENT,CITATION/SUMMONS,2,0,8,0,0,0,51
2022-07,BLACK,MALE,OTHER VIRGINIA JURISDICTION RESIDENT,NO ENFORCEMENT ACTION,1,0,0,0,0,3,0
2022-07,BLACK,MALE,OTHER VIRGINIA JURISDICTION RESIDENT,WARNING ISSUED,0,0,1,0,0,0,21
2022-07,BLACK,MALE,OUT OF STATE RESIDENT,ARREST,1,0,1,0,0,0,0
2022-07,BLACK,MALE,OUT OF STATE RESIDENT,CITATION/SUMMONS,4,0,1,0,0,0,42
2022-07,BLACK,MALE,OUT OF STATE RESIDENT,NO ENFORCEMENT ACTION,1,0,0,0,0,2,1
2022-07,BLACK,MALE,OUT OF STATE RESIDENT,WARNING ISSUED,0,0,4,0,0,1,18
2022-07,BLACK,MALE,RESIDENT OF CITY/COUNTY OF STOP,ARREST,0,0,0,0,0,0,1
2022-07,BLACK,MALE,RESIDENT OF CITY/COUNTY OF STOP,CITATION/SUMMONS,2,0,9,0,1,1,81
2022-07,BLACK,MALE,RESIDENT OF CITY/COUNTY OF STOP,NO ENFORCEMENT ACTION,6,0,0,0,0,3,3
2022-07,BLACK,MALE,RESIDENT OF CITY/COUNTY OF STOP,WARNING ISSUED,0,0,12,0,0,3,35
2022-07,BLACK,MALE,UNKNOWN,CITATION/SUMMONS,0,0,0,0,0,0,3
2022-07,BLACK,MALE,UNKNOWN,NO ENFORCEMENT ACTION,1,0,0,0,0,2,0
2022-07,BLACK,MALE,UNKNOWN,WARNING ISSUED,0,0,3,0,0,0,6
2022-07,BLACK,OTHER,OTHER VIRGINIA JURISDICTION RESIDENT,WARNING ISSUED,0,0,0,0,0,0,1
2022-07,INDIGENOUS,FEMALE,OTHER VIRGINIA JURISDICTION RESIDENT,CITATION/SUMMONS,0,0,0,0,0,0,2
2022-07,INDIGENOUS,FEMALE,RESIDENT OF CITY/COUNTY OF STOP,CITATION/SUMMONS,0,0,0,0,0,0,1
2022-07,INDIGENOUS,FEMALE,RESIDENT OF CITY/COUNTY OF STOP,WARNING ISSUED,0,0,0,0,0,0,1
2022-07,INDIGENOUS,MALE,OTHER VIRGINIA JURISDICTION RESIDENT,CITATION/SUMMONS,0,0,0,0,0,0,4
2022-07,INDIGENOUS,MALE,OTHER VIRGINIA JURISDICTION RESIDENT,WARNING ISSUED,0,0,0,0,0,0,4
2022-07,INDIGENOUS,MALE,OUT OF STATE RESIDENT,CITATION/SUMMONS,0,0,0,0,0,0,1
2022-07,INDIGENOUS,MALE,OUT OF STATE RESIDENT,WARNING ISSUED,0,0,0,0,0,0,1
2022-07,INDIGENOUS,MALE,RESIDENT OF CITY/COUNTY OF STOP,CITATION/SUMMONS,0,0,0,0,0,0,8
2022-07,INDIGENOUS,MALE,RESIDENT OF CITY/COUNTY OF STOP,WARNING ISSUED,0,0,1,0,0,0,4
2022-07,LATINO,FEMALE,OTHER VIRGINIA JURISDICTION RESIDENT,CITATION/SUMMONS,1,0,2,0,1,0,30
2022-07,LATINO,FEMALE,OTHER VIRGINIA JURISDICTION RESIDENT,WARNING ISSUED,1,0,1,0,1,0,7
2022-07,LATINO,FEMALE,OUT OF STATE RESIDENT,CITATION/SUMMONS,2,0,0,0,0,0,5
2022-07,LATINO,FEMALE,OUT OF STATE RESIDENT,NO ENFORCEMENT ACTION,0,0,0,0,0,0,1
2022-07,LATINO,FEMALE,OUT OF STATE RESIDENT,WARNING ISSUED,0,0,1,0,0,0,2
2022-07,LATINO,FEMALE,RESIDENT OF CITY/COUNTY OF STOP,ARREST,0,0,0,0,0,0,1
2022-07,LATINO,FEMALE,RESIDENT OF CITY/COUNTY OF STOP,CITATION/SUMMONS,10,0,3,0,0,0,70
2022-07,LATINO,FEMALE,RESIDENT OF CITY/COUNTY OF STOP,NO ENFORCEMENT ACTION,2,0,0,0,0,1,1
2022-07,LATINO,FEMALE,RESIDENT OF CITY/COUNTY OF STOP,WARNING ISSUED,0,0,1,0,2,1,22
2022-07,LATINO,FEMALE,UNKNOWN,CITATION/SUMMONS,0,0,0,0,0,1,0
2022-07,LATINO,MALE,OTHER VIRGINIA JURISDICTION RESIDENT,ARREST,5,0,0,0,0,0,3
2022-07,LATINO,MALE,OTHER VIRGINIA JURISDICTION RESIDENT,CITATION/SUMMONS,4,0,10,0,2,0,75
2022-07,LATINO,MALE,OTHER VIRGINIA JURISDICTION RESIDENT,NO ENFORCEMENT ACTION,0,0,0,0,0,2,0
2022-07,LATINO,MALE,OTHER VIRGINIA JURISDICTION RESIDENT,WARNING ISSUED,0,0,3,0,0,0,16
2022-07,LATINO,MALE,OUT OF STATE RESIDENT,ARREST,3,0,0,0,0,1,2
2022-07,LATINO,MALE,OUT OF STATE RESIDENT,CITATION/SUMMONS,2,1,4,0,0,0,43
2022-07,LATINO,MALE,OUT OF STATE RESIDENT,NO ENFORCEMENT ACTION,1,0,0,0,0,1,1
2022-07,LATINO,MALE,OUT OF STATE RESIDENT,WARNING ISSUED,1,0,2,0,1,0,18
2022-07,LATINO,MALE,RESIDENT OF CITY/COUNTY OF STOP,ARREST,6,0,0,0,0,0,10
2022-07,LATINO,MALE,RESIDENT OF CITY/COUNTY OF STOP,CITATION/SUMMONS,16,0,7,0,0,0,129
2022-07,LATINO,MALE,RESIDENT OF CITY/COUNTY OF STOP,NO ENFORCEMENT ACTION,0,0,2,0,0,10,4
2022-07,LATINO,MALE,RESIDENT OF CITY/COUNTY OF STOP,WARNING ISSUED,0,0,9,0,0,3,36
2022-07,LATINO,MALE,UNKNOWN,CITATION/SUMMONS,1,0,0,0,0,0,6
2022-07,LATINO,MALE,UNKNOWN,WARNING ISSUED,0,0,0,0,0,0,1
2022-07,LATINO,UNKNOWN,RESIDENT OF CITY/COUNTY OF STOP,CITATION/SUMMONS,0,0,0,0,0,0,1
2022-07,UNKNOWN,FEMALE,OTHER VIRGINIA JURISDICTION RESIDENT,CITATION/SUMMONS,0,0,0,0,0,0,13
2022-07,UNKNOWN,FEMALE,OTHER VIRGINIA JURISDICTION RESIDENT,WARNING ISSUED,0,0,2,0,1,0,1
2022-07,UNKNOWN,FEMALE,OUT OF STATE RESIDENT,CITATION/SUMMONS,0,0,0,0,0,0,12
2022-07,UNKNOWN,FEMALE,OUT OF STATE RESIDENT,WARNING ISSUED,0,0,0,0,0,0,7
2022-07,UNKNOWN,FEMALE,RESIDENT OF CITY/COUNTY OF STOP,CITATION/SUMMONS,1,0,2,0,0,0,103
2022-07,UNKNOWN,FEMALE,RESIDENT OF CITY/COUNTY OF STOP,NO ENFORCEMENT ACTION,1,0,1,0,0,0,0
2022-07,UNKNOWN,FEMALE,RESIDENT OF CITY/COUNTY OF STOP,WARNING ISSUED,1,0,1,0,0,1,7
2022-07,UNKNOWN,FEMALE,UNKNOWN,CITATION/SUMMONS,0,0,0,0,0,0,1
2022-07,UNKNOWN,MALE,OTHER VIRGINIA JURISDICTION RESIDENT,CITATION/SUMMONS,2,0,1,0,0,0,33
2022-07,UNKNOWN,MALE,OTHER VIRGINIA JURISDICTION RESIDENT,WARNING ISSUED,0,0,0,0,0,0,6
2022-07,UNKNOWN,MALE,OUT OF STATE RESIDENT,CITATION/SUMMONS,0,0,0,0,0,1,16
2022-07,UNKNOWN,MALE,OUT OF STATE RESIDENT,NO ENFORCEMENT ACTION,1,0,0,0,0,1,2
2022-07,UNKNOWN,MALE,OUT OF STATE RESIDENT,WARNING ISSUED,0,0,0,0,0,0,15
2022-07,UNKNOWN,MALE,RESIDENT OF CITY/COUNTY OF STOP,ARREST,0,0,0,0,0,0,1
2022-07,UNKNOWN,MALE,RESIDENT OF CITY/COUNTY OF STOP,CITATION/SUMMONS,3,0,8,0,0,0,122
2022-07,UNKNOWN,MALE,RESIDENT OF CITY/COUNTY OF STOP,NO ENFORCEMENT ACTION,2,0,0,0,0,2,0
2022-07,UNKNOWN,MALE,RESIDENT OF CITY/COUNTY OF STOP,WARNING ISSUED,0,0,0,0,0,0,24
2022-07,UNKNOWN,MALE,UNKNOWN,CITATION/SUMMONS,0,0,0,0,0,0,4
2022-07,UNKNOWN,MALE,UNKNOWN,WARNING ISSUED,0,0,0,0,0,0,2
2022-07,UNKNOWN,UNKNOWN,RESIDENT OF CITY/COUNTY OF STOP,CITATION/SUMMONS,0,0,0,0,0,0,1
2022-07,WHITE,FEMALE,OTHER VIRGINIA JURISDICTION RESIDENT,CITATION/SUMMONS,0,0,9,0,1,0,70
2022-07,WHITE,FEMALE,OTHER VIRGINIA JURISDICTION RESIDENT,NO ENFORCEMENT ACTION,1,0,1,0,0,0,0
2022-07,WHITE,FEMALE,OTHER VIRGINIA JURISDICTION RESIDENT,WARNING ISSUED,0,0,2,0,0,0,19
2022-07,WHITE,FEMALE,OUT OF STATE RESIDENT,CITATION/SUMMONS,1,0,0,0,0,0,18
2022-07,WHITE,FEMALE,OUT OF STATE RESIDENT,NO ENFORCEMENT ACTION,0,0,0,0,0,1,0
2022-07,WHITE,FEMALE,OUT OF STATE RESIDENT,WARNING ISSUED,0,0,2,0,0,0,11
2022-07,WHITE,FEMALE,RESIDENT OF CITY/COUNTY OF STOP,ARREST,0,0,0,0,0,0,1
2022-07,WHITE,FEMALE,RESIDENT OF CITY/COUNTY OF STOP,CITATION/SUMMONS,10,0,16,0,1,0,217
2022-07,WHITE,FEMALE,RESIDENT OF CITY/COUNTY OF STOP,NO ENFORCEMENT ACTION,3,0,1,0,0,2,2
2022-07,WHITE,FEMALE,RESIDENT OF CITY/COUNTY OF STOP,WARNING ISSUED,1,0,7,0,1,1,63
2022-07,WHITE,FEMALE,UNKNOWN,CITATION/SUMMONS,1,0,0,0,0,0,5
2022-07,WHITE,FEMALE,UNKNOWN,NO ENFORCEMENT ACTION,0,0,0,0,0,0,1
2022-07,WHITE,FEMALE,UNKNOWN,WARNING ISSUED,0,0,0,0,0,0,5
2022-07,WHITE,MALE,OTHER VIRGINIA JURISDICTION RESIDENT,ARREST,1,0,0,0,0,0,0
2022-07,WHITE,MALE,OTHER VIRGINIA JURISDICTION RESIDENT,CITATION/SUMMONS,2,0,19,0,3,1,131
2022-07,WHITE,MALE,OTHER VIRGINIA JURISDICTION RESIDENT,NO ENFORCEMENT ACTION,2,0,1,0,0,1,0
2022-07,WHITE,MALE,OTHER VIRGINIA JURISDICTION RESIDENT,WARNING ISSUED,0,0,2,0,0,0,37
2022-07,WHITE,MALE,OUT OF STATE RESIDENT,ARREST,2,0,0,0,0,0,0
2022-07,WHITE,MALE,OUT OF STATE RESIDENT,CITATION/SUMMONS,1,0,1,0,0,0,36
2022-07,WHITE,MALE,OUT OF STATE RESIDENT,NO ENFORCEMENT ACTION,4,0,1,0,0,7,5
2022-07,WHITE,MALE,OUT OF STATE RESIDENT,WARNING ISSUED,0,0,1,0,0,0,36
2022-07,WHITE,MALE,RESIDENT OF CITY/COUNTY OF STOP,ARREST,4,1,0,0,0,1,6
2022-07,WHITE,MALE,RESIDENT OF CITY/COUNTY OF STOP,CITATION/SUMMONS,17,0,20,0,2,0,321
2022-07,WHITE,MALE,RESIDENT OF CITY/COUNTY OF STOP,NO ENFORCEMENT ACTION,2,2,2,0,0,13,6
2022-07,WHITE,MALE,RESIDENT OF CITY/COUNTY OF STOP,WARNING ISSUED,1,0,5,0,1,3,126
2022-07,WHITE,MALE,UNKNOWN,CITATION/SUMMONS,1,0,0,0,0,1,8
2022-07,WHITE,MALE,UNKNOWN,NO ENFORCEMENT ACTION,1,0,0,0,0,1,0
2022-07,WHITE,MALE,UNKNOWN,WARNING ISSUED,0,0,1,0,0,1,4
2022-08,ASIAN/PACIFIC ISLANDER,FEMALE,OTHER VIRGINIA JURISDICTION RESIDENT,CITATION/SUMMONS,0,0,0,0,0,0,17
2022-08,ASIAN/PACIFIC ISLANDER,FEMALE,OTHER VIRGINIA JURISDICTION RESIDENT,NO ENFORCEMENT ACTION,1,0,0,0,0,0,1
2022-08,ASIAN/PACIFIC ISLANDER,FEMALE,OTHER VIRGINIA JURISDICTION RESIDENT,WARNING ISSUED,0,0,1,0,0,0,6
2022-08,ASIAN/PACIFIC ISLANDER,FEMALE,OUT OF STATE RESIDENT,CITATION/SUMMONS,0,0,0,0,0,0,2
2022-08,ASIAN/PACIFIC ISLANDER,FEMALE,OUT OF STATE RESIDENT,NO ENFORCEMENT ACTION,0,0,0,0,0,0,1
2022-08,ASIAN/PACIFIC ISLANDER,FEMALE,OUT OF STATE RESIDENT,WARNING ISSUED,0,0,0,0,0,0,2
2022-08,ASIAN/PACIFIC ISLANDER,FEMALE,RESIDENT OF CITY/COUNTY OF STOP,CITATION/SUMMONS,3,0,1,0,0,0,56
2022-08,ASIAN/PACIFIC ISLANDER,FEMALE,RESIDENT OF CITY/COUNTY OF STOP,NO ENFORCEMENT ACTION,0,0,0,0,0,2,0
2022-08,ASIAN/PACIFIC ISLANDER,FEMALE,RESIDENT OF CITY/COUNTY OF STOP,WARNING ISSUED,0,0,2,0,0,0,28
2022-08,ASIAN/PACIFIC ISLANDER,MALE,OTHER VIRGINIA JURISDICTION RESIDENT,CITATION/SUMMONS,1,0,0,0,0,0,12
2022-08,ASIAN/PACIFIC ISLANDER,MALE,OTHER VIRGINIA JURISDICTION RESIDENT,NO ENFORCEMENT ACTION,1,0,0,0,0,0,0
2022-08,ASIAN/PACIFIC ISLANDER,MALE,OTHER VIRGINIA JURISDICTION RESIDENT,WARNING ISSUED,0,0,1,0,0,0,5
2022-08,ASIAN/PACIFIC ISLANDER,MALE,OUT OF STATE RESIDENT,CITATION/SUMMONS,0,0,0,0,0,0,10
2022-08,ASIAN/PACIFIC ISLANDER,MALE,OUT OF STATE RESIDENT,NO ENFORCEMENT ACTION,0,0,0,0,1,1,0
2022-08,ASIAN/PACIFIC ISLANDER,MALE,OUT OF STATE RESIDENT,WARNING ISSUED,0,0,1,0,0,0,2
2022-08,ASIAN/PACIFIC ISLANDER,MALE,RESIDENT OF CITY/COUNTY OF STOP,ARREST,1,0,0,0,0,0,1
2022-08,ASIAN/PACIFIC ISLANDER,MALE,RESIDENT OF CITY/COUNTY OF STOP,CITATION/SUMMONS,2,0,5,0,0,0,77
2022-08,ASIAN/PACIFIC ISLANDER,MALE,RESIDENT OF CITY/COUNTY OF STOP,NO ENFORCEMENT ACTION,0,0,1,0,0,2,1
2022-08,ASIAN/PACIFIC ISLANDER,MALE,RESIDENT OF CITY/COUNTY OF STOP,WARNING ISSUED,0,0,3,0,0,1,24
2022-08,ASIAN/PACIFIC ISLANDER,MALE,UNKNOWN,WARNING ISSUED,0,0,0,0,0,0,1
2022-08,BLACK,FEMALE,OTHER VIRGINIA JURISDICTION RESIDENT,CITATION/SUMMONS,0,0,2,0,0,0,33
2022-08,BLACK,FEMALE,OTHER VIRGINIA JURISDICTION RESIDENT,NO ENFORCEMENT ACTION,1,0,0,0,0,0,0
2022-08,BLACK,FEMALE,OTHER VIRGINIA JURISDICTION RESIDENT,WARNING ISSUED,0,0,1,0,0,0,19
2022-08,BLACK,FEMALE,OUT OF STATE RESIDENT,ARREST,0,0,0,0,0,0,2
2022-08,BLACK,FEMALE,OUT OF STATE RESIDENT,CITATION/SUMMONS,1,0,0,0,0,2,17
2022-08,BLACK,FEMALE,OUT OF STATE RESIDENT,NO ENFORCEMENT ACTION,2,0,0,0,0,3,0
2022-08,BLACK,FEMALE,OUT OF STATE RESIDENT,WARNING ISSUED,0,0,0,0,0,1,12
2022-08,BLACK,FEMALE,RESIDENT OF CITY/COUNTY OF STOP,CITATION/SUMMONS,3,0,6,0,0,0,55
2022-08,BLACK,FEMALE,RESIDENT OF CITY/COUNTY OF STOP,WARNING ISSUED,0,0,3,0,0,0,18
2022-08,BLACK,FEMALE,UNKNOWN,CITATION/SUMMONS,0,0,0,0,0,0,2
2022-08,BLACK,FEMALE,UNKNOWN,WARNING ISSUED,0,0,0,0,0,0,1
2022-08,BLACK,MALE,OTHER VIRGINIA JURISDICTION RESIDENT,ARREST,0,0,0,0,0,0,1
2022-08,BLACK,MALE,OTHER VIRGINIA JURISDICTION RESIDENT,CITATION/SUMMONS,2,0,2,0,0,0,50
2022-08,BLACK,MALE,OTHER VIRGINIA JURISDICTION RESIDENT,NO ENFORCEMENT ACTION,2,1,0,0,0,1,2
2022-08,BLACK,MALE,OTHER VIRGINIA JURISDICTION RESIDENT,WARNING ISSUED,0,0,5,0,0,0,20
2022-08,BLACK,MALE,OUT OF STATE RESIDENT,ARREST,1,0,0,0,0,0,0
2022-08,BLACK,MALE,OUT OF STATE RESIDENT,CITATION/SUMMONS,2,1,1,0,0,0,37
2022-08,BLACK,MALE,OUT OF STATE RESIDENT,NO ENFORCEMENT ACTION,2,0,0,0,0,1,0
2022-08,BLACK,MALE,OUT OF STATE RESIDENT,WARNING ISSUED,0,0,2,0,0,0,30
2022-08,BLACK,MALE,RESIDENT OF CITY/COUNTY OF STOP,ARREST,2,0,0,0,0,0,1
2022-08,BLACK,MALE,RESIDENT OF CITY/COUNTY OF STOP,CITATION/SUMMONS,9,1,5,0,1,3,103
2022-08,BLACK,MALE,RESIDENT OF CITY/COUNTY OF STOP,NO ENFORCEMENT ACTION,3,0,0,0,0,3,1
2022-08,BLACK,MALE,RESIDENT OF CITY/COUNTY OF STOP,WARNING ISSUED,0,0,7,0,1,0,52
2022-08,BLACK,MALE,UNKNOWN,CITATION/SUMMONS,5,0,0,0,0,0,3
2022-08,BLACK,MALE,UNKNOWN,WARNING ISSUED,0,0,0,0,0,0,1
2022-08,INDIGENOUS,FEMALE,RESIDENT OF CITY/COUNTY OF STOP,CITATION/SUMMONS,0,0,0,0,0,0,1
2022-08,INDIGENOUS,FEMALE,RESIDENT OF CITY/COUNTY OF STOP,WARNING ISSUED,0,0,1,0,0,0,1
2022-08,INDIGENOUS,MALE,OTHER VIRGINIA JURISDICTION RESIDENT,CITATION/SUMMONS,0,0,0,0,0,0,1
2022-08,INDIGENOUS,MALE,OTHER VIRGINIA JURISDICTION RESIDENT,WARNING ISSUED,0,0,0,0,0,0,1
2022-08,INDIGENOUS,MALE,OUT OF STATE RESIDENT,CITATION/SUMMONS,0,0,0,0,0,0,3
2022-08,INDIGENOUS,MALE,OUT OF STATE RESIDENT,WARNING ISSUED,0,0,0,0,0,0,2
2022-08,INDIGENOUS,MALE,RESIDENT OF CITY/COUNTY OF STOP,CITATION/SUMMONS,0,0,0,0,1,0,8
2022-08,INDIGENOUS,MALE,RESIDENT OF CITY/COUNTY OF STOP,WARNING ISSUED,0,0,4,0,0,0,6
2022-08,INDIGENOUS,MALE,UNKNOWN,CITATION/SUMMONS,0,0,0,0,0,0,1
2022-08,LATINO,FEMALE,OTHER VIRGINIA JURISDICTION RESIDENT,CITATION/SUMMONS,2,0,1,0,1,0,39
2022-08,LATINO,FEMALE,OTHER VIRGINIA JURISDICTION RESIDENT,NO ENFORCEMENT ACTION,1,0,0,0,0,1,0
2022-08,LATINO,FEMALE,OTHER VIRGINIA JURISDICTION RESIDENT,WARNING ISSUED,0,0,0,0,0,0,11
2022-08,LATINO,FEMALE,OUT OF STATE RESIDENT,CITATION/SUMMONS,0,0,0,0,1,0,13
2022-08,LATINO,FEMALE,OUT OF STATE RESIDENT,NO ENFORCEMENT ACTION,3,0,0,0,0,0,0
2022-08,LATINO,FEMALE,OUT OF STATE RESIDENT,WARNING ISSUED,1,0,1,0,0,1,7
2022-08,LATINO,FEMALE,RESIDENT OF CITY/COUNTY OF STOP,CITATION/SUMMONS,2,1,5,0,0,1,77
2022-08,LATINO,FEMALE,RESIDENT OF CITY/COUNTY OF STOP,NO ENFORCEMENT ACTION,2,0,0,0,0,1,0
2022-08,LATINO,FEMALE,RESIDENT OF CITY/COUNTY OF STOP,WARNING ISSUED,1,0,6,0,0,0,30
2022-08,LATINO,FEMALE,UNKNOWN,CITATION/SUMMONS,0,0,0,0,0,1,1
2022-08,LATINO,FEMALE,UNKNOWN,NO ENFORCEMENT ACTION,0,0,1,0,0,0,1
2022-08,LATINO,FEMALE,UNKNOWN,WARNING ISSUED,0,0,0,0,0,0,1
2022-08,LATINO,MALE,OTHER VIRGINIA JURISDICTION RESIDENT,ARREST,0,1,0,0,0,0,0
2022-08,LATINO,MALE,OTHER VIRGINIA JURISDICTION RESIDENT,CITATION/SUMMONS,3,1,7,0,2,0,86
2022-08,LATINO,MALE,OTHER VIRGINIA JURISDICTION RESIDENT,NO ENFORCEMENT ACTION,0,0,0,0,0,2,0
2022-08,LATINO,MALE,OTHER VIRGINIA JURISDICTION RESIDENT,WARNING ISSUED,0,0,1,0,1,1,17
2022-08,LATINO,MALE,OUT OF STATE RESIDENT,ARREST,0,1,0,0,0,0,2
2022-08,LATINO,MALE,OUT OF STATE RESIDENT,CITATION/SUMMONS,4,0,1,0,0,0,49
2022-08,LATINO,MALE,OUT OF STATE RESIDENT,NO ENFORCEMENT ACTION,2,0,0,0,0,3,2
2022-08,LATINO,MALE,OUT OF STATE RESIDENT,WARNING ISSUED,0,0,6,0,0,0,23
2022-08,LATINO,MALE,RESIDENT OF CITY/COUNTY OF STOP,ARREST,6,1,0,0,0,1,9
2022-08,LATINO,MALE,RESIDENT OF CITY/COUNTY OF STOP,CITATION/SUMMONS,18,1,14,0,2,1,162
2022-08,LATINO,MALE,RESIDENT OF CITY/COUNTY OF STOP,NO ENFORCEMENT ACTION,4,2,0,0,0,5,0
2022-08,LATINO,MALE,RESIDENT OF CITY/COUNTY OF STOP,WARNING ISSUED,0,0,7,0,3,2,58
2022-08,LATINO,MALE,UNKNOWN,CITATION/SUMMONS,5,0,0,0,1,1,5
2022-08,LATINO,MALE,UNKNOWN,NO ENFORCEMENT ACTION,1,0,0,0,0,1,0
2022-08,LATINO,MALE,UNKNOWN,WARNING ISSUED,0,0,0,0,0,0,1
2022-08,UNKNOWN,FEMALE,OTHER VIRGINIA JURISDICTION RESIDENT,CITATION/SUMMONS,0,0,2,0,0,0,18
2022-08,UNKNOWN,FEMALE,OTHER VIRGINIA JURISDICTION RESIDENT,WARNING ISSUED,0,0,2,0,0,0,7
2022-08,UNKNOWN,FEMALE,OUT OF STATE RESIDENT,CITATION/SUMMONS,0,0,0,0,0,0,13
2022-08,UNKNOWN,FEMALE,OUT OF STATE RESIDENT,NO ENFORCEMENT ACTION,1,0,0,0,0,0,0
2022-08,UNKNOWN,FEMALE,OUT OF STATE RESIDENT,WARNING ISSUED,0,0,0,0,0,0,2
2022-08,UNKNOWN,FEMALE,RESIDENT OF CITY/COUNTY OF STOP,CITATION/SUMMONS,2,0,4,0,0,0,108
2022-08,UNKNOWN,FEMALE,RESIDENT OF CITY/COUNTY OF STOP,NO ENFORCEMENT ACTION,2,0,0,0,0,0,0
2022-08,UNKNOWN,FEMALE,RESIDENT OF CITY/COUNTY OF STOP,WARNING ISSUED,0,0,4,0,0,0,16
2022-08,UNKNOWN,FEMALE,UNKNOWN,CITATION/SUMMONS,1,0,0,0,0,0,1
2022-08,UNKNOWN,MALE,OTHER VIRGINIA JURISDICTION RESIDENT,CITATION/SUMMONS,0,0,8,0,0,0,38
2022-08,UNKNOWN,MALE,OTHER VIRGINIA JURISDICTION RESIDENT,WARNING ISSUED,0,0,1,0,0,0,10
2022-08,UNKNOWN,MALE,OUT OF STATE RESIDENT,CITATION/SUMMONS,1,0,1,0,0,0,22
2022-08,UNKNOWN,MALE,OUT OF STATE RESIDENT,NO ENFORCEMENT ACTION,2,0,0,0,0,1,2
2022-08,UNKNOWN,MALE,OUT OF STATE RESIDENT,WARNING ISSUED,1,0,3,0,0,0,11
2022-08,UNKNOWN,MALE,RESIDENT OF CITY/COUNTY OF STOP,ARREST,0,0,0,0,0,0,1
2022-08,UNKNOWN,MALE,RESIDENT OF CITY/COUNTY OF STOP,CITATION/SUMMONS,7,0,17,0,1,1,159
2022-08,UNKNOWN,MALE,RESIDENT OF CITY/COUNTY OF STOP,NO ENFORCEMENT ACTION,5,0,0,0,0,2,3
2022-08,UNKNOWN,MALE,RESIDENT OF CITY/COUNTY OF STOP,WARNING ISSUED,2,0,3,0,1,0,35
2022-08,UNKNOWN,MALE,UNKNOWN,CITATION/SUMMONS,0,0,0,0,0,0,5
2022-08,UNKNOWN,MALE,UNKNOWN,NO ENFORCEMENT ACTION,0,0,0,0,0,0,1
2022-08,UNKNOWN,MALE,UNKNOWN,WARNING ISSUED,0,0,0,0,0,0,1
2022-08,WHITE,FEMALE,OTHER VIRGINIA JURISDICTION RESIDENT,ARREST,1,0,0,0,0,0,0
2022-08,WHITE,FEMALE,OTHER VIRGINIA JURISDICTION RESIDENT,CITATION/SUMMONS,1,0,9,0,0,0,70
2022-08,WHITE,FEMALE,OTHER VIRGINIA JURISDICTION RESIDENT,NO ENFORCEMENT ACTION,5,0,0,0,0,1,0
2022-08,WHITE,FEMALE,OTHER VIRGINIA JURISDICTION RESIDENT,WARNING ISSUED,0,0,1,0,0,0,18
2022-08,WHITE,FEMALE,OUT OF STATE RESIDENT,CITATION/SUMMONS,0,0,0,0,0,0,30
2022-08,WHITE,FEMALE,OUT OF STATE RESIDENT,NO ENFORCEMENT ACTION,0,0,0,0,0,1,1
2022-08,WHITE,FEMALE,OUT OF STATE RESIDENT,WARNING ISSUED,0,0,0,0,0,0,20
2022-08,WHITE,FEMALE,RESIDENT OF CITY/COUNTY OF STOP,ARREST,1,0,0,0,0,1,1
2022-08,WHITE,FEMALE,RESIDENT OF CITY/COUNTY OF STOP,CITATION/SUMMONS,11,0,15,0,1,0,225
2022-08,WHITE,FEMALE,RESIDENT OF CITY/COUNTY OF STOP,NO ENFORCEMENT ACTION,7,0,1,0,0,3,1
2022-08,WHITE,FEMALE,RESIDENT OF CITY/COUNTY OF STOP,WARNING ISSUED,1,0,7,0,1,0,86
2022-08,WHITE,FEMALE,UNKNOWN,CITATION/SUMMONS,2,0,0,0,1,0,3
2022-08,WHITE,FEMALE,UNKNOWN,WARNING ISSUED,0,0,0,0,0,0,1
2022-08,WHITE,MALE,OTHER VIRGINIA JURISDICTION RESIDENT,ARREST,0,0,0,0,0,1,1
2022-08,WHITE,MALE,OTHER VIRGINIA JURISDICTION RESIDENT,CITATION/SUMMONS,4,0,14,0,0,0,137
2022-08,WHITE,MALE,OTHER VIRGINIA JURISDICTION RESIDENT,NO ENFORCEMENT ACTION,2,0,0,0,0,3,0
2022-08,WHITE,MALE,OTHER VIRGINIA JURISDICTION RESIDENT,WARNING ISSUED,1,0,7,0,0,0,38
2022-08,WHITE,MALE,OUT OF STATE RESIDENT,CITATION/SUMMONS,0,0,2,0,0,0,59
2022-08,WHITE,MALE,OUT OF STATE RESIDENT,NO ENFORCEMENT ACTION,3,0,1,0,0,3,4
2022-08,WHITE,MALE,OUT OF STATE RESIDENT,WARNING ISSUED,1,0,3,0,0,0,33
2022-08,WHITE,MALE,RESIDENT OF CITY/COUNTY OF STOP,ARREST,4,0,0,0,0,2,5
2022-08,WHITE,MALE,RESIDENT OF CITY/COUNTY OF STOP,CITATION/SUMMONS,21,1,28,0,0,0,385
2022-08,WHITE,MALE,RESIDENT OF CITY/COUNTY OF STOP,NO ENFORCEMENT ACTION,7,0,0,0,0,8,5
2022-08,WHITE,MALE,RESIDENT OF CITY/COUNTY OF STOP,WARNING ISSUED,0,0,23,0,0,2,138
2022-08,WHITE,MALE,UNKNOWN,CITATION/SUMMONS,1,0,0,0,0,0,9
2022-08,WHITE,MALE,UNKNOWN,NO ENFORCEMENT ACTION,1,0,0,0,0,0,0
2022-09,ASIAN/PACIFIC ISLANDER,FEMALE,OTHER VIRGINIA JURISDICTION RESIDENT,CITATION/SUMMONS,1,0,2,0,0,1,11
2022-09,ASIAN/PACIFIC ISLANDER,FEMALE,OTHER VIRGINIA JURISDICTION RESIDENT,WARNING ISSUED,0,0,0,0,0,0,7
2022-09,ASIAN/PACIFIC ISLANDER,FEMALE,OUT OF STATE RESIDENT,CITATION/SUMMONS,0,0,0,0,0,1,5
2022-09,ASIAN/PACIFIC ISLANDER,FEMALE,OUT OF STATE RESIDENT,NO ENFORCEMENT ACTION,0,0,0,0,0,1,0
2022-09,ASIAN/PACIFIC ISLANDER,FEMALE,OUT OF STATE RESIDENT,WARNING ISSUED,0,0,0,0,0,0,1
2022-09,ASIAN/PACIFIC ISLANDER,FEMALE,RESIDENT OF CITY/COUNTY OF STOP,ARREST,0,0,0,0,0,1,0
2022-09,ASIAN/PACIFIC ISLANDER,FEMALE,RESIDENT OF CITY/COUNTY OF STOP,CITATION/SUMMONS,6,0,1,0,0,0,51
2022-09,ASIAN/PACIFIC ISLANDER,FEMALE,RESIDENT OF CITY/COUNTY OF STOP,NO ENFORCEMENT ACTION,2,0,0,0,0,0,0
2022-09,ASIAN/PACIFIC ISLANDER,FEMALE,RESIDENT OF CITY/COUNTY OF STOP,WARNING ISSUED,0,0,1,0,0,0,22
2022-09,ASIAN/PACIFIC ISLANDER,FEMALE,UNKNOWN,CITATION/SUMMONS,0,0,0,0,0,0,3
2022-09,ASIAN/PACIFIC ISLANDER,MALE,OTHER VIRGINIA JURISDICTION RESIDENT,CITATION/SUMMONS,4,0,0,0,0,0,28
2022-09,ASIAN/PACIFIC ISLANDER,MALE,OTHER VIRGINIA JURISDICTION RESIDENT,WARNING ISSUED,0,0,0,0,0,0,9
2022-09,ASIAN/PACIFIC ISLANDER,MALE,OUT OF STATE RESIDENT,CITATION/SUMMONS,0,0,0,0,0,0,8
2022-09,ASIAN/PACIFIC ISLANDER,MALE,OUT OF STATE RESIDENT,NO ENFORCEMENT ACTION,0,0,0,0,0,2,0
2022-09,ASIAN/PACIFIC ISLANDER,MALE,OUT OF STATE RESIDENT,WARNING ISSUED,0,0,1,0,0,0,3
2022-09,ASIAN/PACIFIC ISLANDER,MALE,RESIDENT OF CITY/COUNTY OF STOP,ARREST,0,0,0,0,0,0,2
2022-09,ASIAN/PACIFIC ISLANDER,MALE,RESIDENT OF CITY/COUNTY OF STOP,CITATION/SUMMONS,6,0,5,0,0,0,82
2022-09,ASIAN/PACIFIC ISLANDER,MALE,RESIDENT OF CITY/COUNTY OF STOP,WARNING ISSUED,1,0,2,0,0,0,24
2022-09,ASIAN/PACIFIC ISLANDER,MALE,UNKNOWN,CITATION/SUMMONS,2,0,0,0,0,0,2
2022-09,BLACK,FEMALE,OTHER VIRGINIA JURISDICTION RESIDENT,CITATION/SUMMONS,2,0,1,0,0,0,34
2022-09,BLACK,FEMALE,OTHER VIRGINIA JURISDICTION RESIDENT,NO ENFORCEMENT ACTION,1,0,0,0,0,0,0
2022-09,BLACK,FEMALE,OTHER VIRGINIA JURISDICTION RESIDENT,WARNING ISSUED,0,0,2,0,0,0,12
2022-09,BLACK,FEMALE,OUT OF STATE RESIDENT,CITATION/SUMMONS,0,0,1,0,0,0,20
2022-09,BLACK,FEMALE,OUT OF STATE RESIDENT,NO ENFORCEMENT ACTION,2,0,0,0,0,1,0
2022-09,BLACK,FEMALE,OUT OF STATE RESIDENT,WARNING ISSUED,0,0,1,0,0,0,11
2022-09,BLACK,FEMALE,RESIDENT OF CITY/COUNTY OF STOP,ARREST,1,0,0,0,0,0,0
2022-09,BLACK,FEMALE,RESIDENT OF CITY/COUNTY OF STOP,CITATION/SUMMONS,4,0,6,0,1,0,49
2022-09,BLACK,FEMALE,RESIDENT OF CITY/COUNTY OF STOP,NO ENFORCEMENT ACTION,1,0,0,0,0,1,1
2022-09,BLACK,FEMALE,RESIDENT OF CITY/COUNTY OF STOP,WARNING ISSUED,1,0,5,0,0,0,26
2022-09,BLACK,FEMALE,UNKNOWN,CITATION/SUMMONS,0,0,0,0,0,0,4
2022-09,BLACK,MALE,OTHER VIRGINIA JURISDICTION RESIDENT,ARREST,0,0,0,0,0,0,2
2022-09,BLACK,MALE,OTHER VIRGINIA JURISDICTION RESIDENT,CITATION/SUMMONS,3,0,13,0,0,0,58
2022-09,BLACK,MALE,OTHER VIRGINIA JURISDICTION RESIDENT,NO ENFORCEMENT ACTION,0,0,0,0,0,1,0
2022-09,BLACK,MALE,OTHER VIRGINIA JURISDICTION RESIDENT,WARNING ISSUED,0,0,4,0,0,0,35
2022-09,BLACK,MALE,OUT OF STATE RESIDENT,ARREST,0,0,0,0,0,0,3
2022-09,BLACK,MALE,OUT OF STATE RESIDENT,CITATION/SUMMONS,1,0,2,0,0,0,37
2022-09,BLACK,MALE,OUT OF STATE RESIDENT,NO ENFORCEMENT ACTION,2,0,0,0,1,2,5
2022-09,BLACK,MALE,OUT OF STATE RESIDENT,WARNING ISSUED,0,0,9,0,0,0,33
2022-09,BLACK,MALE,RESIDENT OF CITY/COUNTY OF STOP,ARREST,0,0,0,0,0,1,2
2022-09,BLACK,MALE,RESIDENT OF CITY/COUNTY OF STOP,CITATION/SUMMONS,7,0,6,0,0,0,85
2022-09,BLACK,MALE,RESIDENT OF CITY/COUNTY OF STOP,NO ENFORCEMENT ACTION,2,0,1,0,0,5,3
2022-09,BLACK,MALE,RESIDENT OF CITY/COUNTY OF STOP,WARNING ISSUED,0,0,14,0,0,0,52
2022-09,BLACK,MALE,UNKNOWN,CITATION/SUMMONS,0,0,1,0,0,0,8
2022-09,INDIGENOUS,FEMALE,OTHER VIRGINIA JURISDICTION RESIDENT,CITATION/SUMMONS,0,0,0,0,0,0,2
2022-09,INDIGENOUS,FEMALE,OTHER VIRGINIA JURISDICTION RESIDENT,WARNING ISSUED,0,0,0,0,0,0,2
2022-09,INDIGENOUS,FEMALE,RESIDENT OF CITY/COUNTY OF STOP,CITATION/SUMMONS,0,0,0,0,0,0,4
2022-09,INDIGENOUS,FEMALE,RESIDENT OF CITY/COUNTY OF STOP,WARNING ISSUED,0,0,0,0,0,0,1
2022-09,INDIGENOUS,MALE,OTHER VIRGINIA JURISDICTION RESIDENT,CITATION/SUMMONS,0,0,0,0,0,0,2
2022-09,INDIGENOUS,MALE,OTHER VIRGINIA JURISDICTION RESIDENT,WARNING ISSUED,0,0,0,0,1,0,2
2022-09,INDIGENOUS,MALE,RESIDENT OF CITY/COUNTY OF STOP,CITATION/SUMMONS,0,0,0,0,0,0,14
2022-09,INDIGENOUS,MALE,RESIDENT OF CITY/COUNTY OF STOP,WARNING ISSUED,0,0,2,0,0,0,1
2022-09,LATINO,FEMALE,OTHER VIRGINIA JURISDICTION RESIDENT,CITATION/SUMMONS,3,0,2,0,0,0,40
2022-09,LATINO,FEMALE,OTHER VIRGINIA JURISDICTION RESIDENT,WARNING ISSUED,0,0,0,0,0,0,12
2022-09,LATINO,FEMALE,OUT OF STATE RESIDENT,ARREST,1,1,1,0,0,0,0
2022-09,LATINO,FEMALE,OUT OF STATE RESIDENT,CITATION/SUMMONS,3,0,1,0,1,0,22
2022-09,LATINO,FEMALE,OUT OF STATE RESIDENT,WARNING ISSUED,1,0,1,0,0,0,7
2022-09,LATINO,FEMALE,RESIDENT OF CITY/COUNTY OF STOP,ARREST,0,0,0,0,0,0,4
2022-09,LATINO,FEMALE,RESIDENT OF CITY/COUNTY OF STOP,CITATION/SUMMONS,9,0,5,0,1,0,70
2022-09,LATINO,FEMALE,RESIDENT OF CITY/COUNTY OF STOP,NO ENFORCEMENT ACTION,2,0,0,0,0,1,0
2022-09,LATINO,FEMALE,RESIDENT OF CITY/COUNTY OF STOP,WARNING ISSUED,0,0,5,0,1,0,21
2022-09,LATINO,FEMALE,UNKNOWN,CITATION/SUMMONS,0,0,0,0,0,0,2
2022-09,LATINO,FEMALE,UNKNOWN,WARNING ISSUED,0,0,0,0,0,0,1
2022-09,LATINO,MALE,OTHER VIRGINIA JURISDICTION RESIDENT,ARREST,2,1,1,0,0,0,2
2022-09,LATINO,MALE,OTHER VIRGINIA JURISDICTION RESIDENT,CITATION/SUMMONS,5,0,5,0,0,0,61
2022-09,LATINO,MALE,OTHER VIRGINIA JURISDICTION RESIDENT,NO ENFORCEMENT ACTION,2,0,0,0,0,1,1
2022-09,LATINO,MALE,OTHER VIRGINIA JURISDICTION RESIDENT,WARNING ISSUED,0,0,2,0,0,1,24
2022-09,LATINO,MALE,OUT OF STATE RESIDENT,ARREST,0,0,0,0,0,0,2
2022-09,LATINO,MALE,OUT OF STATE RESIDENT,CITATION/SUMMONS,5,0,4,0,1,0,55
2022-09,LATINO,MALE,OUT OF STATE RESIDENT,NO ENFORCEMENT ACTION,2,0,0,0,0,1,0
2022-09,LATINO,MALE,OUT OF STATE RESIDENT,WARNING ISSUED,0,0,6,0,0,0,15
2022-09,LATINO,MALE,RESIDENT OF CITY/COUNTY OF STOP,ARREST,2,0,0,0,0,2,13
2022-09,LATINO,MALE,RESIDENT OF CITY/COUNTY OF STOP,CITATION/SUMMONS,17,1,14,0,3,1,143
2022-09,LATINO,MALE,RESIDENT OF CITY/COUNTY OF STOP,NO ENFORCEMENT ACTION,5,0,0,0,0,7,1
2022-09,LATINO,MALE,RESIDENT OF CITY/COUNTY OF STOP,WARNING ISSUED,2,0,9,0,2,2,59
2022-09,LATINO,MALE,UNKNOWN,CITATION/SUMMONS,1,0,0,0,0,0,8
2022-09,LATINO,MALE,UNKNOWN,WARNING ISSUED,0,0,0,0,0,0,1
2022-09,UNKNOWN,FEMALE,OTHER VIRGINIA JURISDICTION RESIDENT,CITATION/SUMMONS,0,0,1,0,0,1,28
2022-09,UNKNOWN,FEMALE,OTHER VIRGINIA JURISDICTION RESIDENT,NO ENFORCEMENT ACTION,1,0,0,0,0,0,0
2022-09,UNKNOWN,FEMALE,OTHER VIRGINIA JURISDICTION RESIDENT,WARNING ISSUED,0,0,0,0,1,0,8
2022-09,UNKNOWN,FEMALE,OUT OF STATE RESIDENT,CITATION/SUMMONS,0,0,0,0,0,0,9
2022-09,UNKNOWN,FEMALE,OUT OF STATE RESIDENT,NO ENFORCEMENT ACTION,2,0,0,0,0,0,0
2022-09,UNKNOWN,FEMALE,OUT OF STATE RESIDENT,WARNING ISSUED,0,0,0,0,0,0,3
2022-09,UNKNOWN,FEMALE,RESIDENT OF CITY/COUNTY OF STOP,CITATION/SUMMONS,1,0,4,0,0,0,72
2022-09,UNKNOWN,FEMALE,RESIDENT OF CITY/COUNTY OF STOP,WARNING ISSUED,0,0,2,0,0,1,19
2022-09,UNKNOWN,FEMALE,UNKNOWN,CITATION/SUMMONS,0,0,1,0,0,0,3
2022-09,UNKNOWN,FEMALE,UNKNOWN,WARNING ISSUED,0,0,0,0,0,0,1
2022-09,UNKNOWN,MALE,OTHER VIRGINIA JURISDICTION RESIDENT,CITATION/SUMMONS,0,0,0,0,0,0,37
2022-09,UNKNOWN,MALE,OTHER VIRGINIA JURISDICTION RESIDENT,NO ENFORCEMENT ACTION,1,0,1,0,0,0,1
2022-09,UNKNOWN,MALE,OTHER VIRGINIA JURISDICTION RESIDENT,WARNING ISSUED,0,0,0,0,0,0,11
2022-09,UNKNOWN,MALE,OUT OF STATE RESIDENT,CITATION/SUMMONS,0,0,1,0,0,0,13
2022-09,UNKNOWN,MALE,OUT OF STATE RESIDENT,WARNING ISSUED,0,0,0,0,0,1,6
2022-09,UNKNOWN,MALE,RESIDENT OF CITY/COUNTY OF STOP,CITATION/SUMMONS,2,0,3,0,1,0,101
2022-09,UNKNOWN,MALE,RESIDENT OF CITY/COUNTY OF STOP,NO ENFORCEMENT ACTION,2,0,0,0,0,1,1
2022-09,UNKNOWN,MALE,RESIDENT OF CITY/COUNTY OF STOP,WARNING ISSUED,2,0,5,0,0,1,46
2022-09,UNKNOWN,MALE,UNKNOWN,CITATION/SUMMONS,1,0,1,0,0,0,1
2022-09,UNKNOWN,MALE,UNKNOWN,WARNING ISSUED,0,0,0,0,0,0,1
2022-09,UNKNOWN,UNKNOWN,RESIDENT OF CITY/COUNTY OF STOP,WARNING ISSUED,0,0,0,0,0,0,1
2022-09,WHITE,FEMALE,OTHER VIRGINIA JURISDICTION RESIDENT,CITATION/SUMMONS,3,0,7,0,0,0,48
2022-09,WHITE,FEMALE,OTHER VIRGINIA JURISDICTION RESIDENT,NO ENFORCEMENT ACTION,1,0,0,0,0,1,1
2022-09,WHITE,FEMALE,OTHER VIRGINIA JURISDICTION RESIDENT,WARNING ISSUED,1,0,4,0,0,0,18
2022-09,WHITE,FEMALE,OUT OF STATE RESIDENT,CITATION/SUMMONS,3,0,1,0,0,0,20
2022-09,WHITE,FEMALE,OUT OF STATE RESIDENT,NO ENFORCEMENT ACTION,4,0,0,0,0,2,0
2022-09,WHITE,FEMALE,OUT OF STATE RESIDENT,WARNING ISSUED,0,0,1,0,0,0,18
2022-09,WHITE,FEMALE,RESIDENT OF CITY/COUNTY OF STOP,ARREST,4,0,0,0,0,0,0
2022-09,WHITE,FEMALE,RESIDENT OF CITY/COUNTY OF STOP,CITATION/SUMMONS,14,0,23,0,0,0,211
2022-09,WHITE,FEMALE,RESIDENT OF CITY/COUNTY OF STOP,NO ENFORCEMENT ACTION,5,0,0,0,0,2,1
2022-09,WHITE,FEMALE,RESIDENT OF CITY/COUNTY OF STOP,WARNING ISSUED,3,0,7,0,0,2,78
2022-09,WHITE,FEMALE,UNKNOWN,CITATION/SUMMONS,1,0,0,0,0,0,7
2022-09,WHITE,FEMALE,UNKNOWN,NO ENFORCEMENT ACTION,0,0,0,0,0,1,0
2022-09,WHITE,MALE,OTHER VIRGINIA JURISDICTION RESIDENT,ARREST,1,0,0,0,0,0,0
2022-09,WHITE,MALE,OTHER VIRGINIA JURISDICTION RESIDENT,CITATION/SUMMONS,6,0,16,0,2,0,136
2022-09,WHITE,MALE,OTHER VIRGINIA JURISDICTION RESIDENT,NO ENFORCEMENT ACTION,8,0,1,0,1,4,1
2022-09,WHITE,MALE,OTHER VIRGINIA JURISDICTION RESIDENT,WARNING ISSUED,0,0,9,0,0,0,53
2022-09,WHITE,MALE,OUT OF STATE RESIDENT,ARREST,1,0,0,0,0,0,2
2022-09,WHITE,MALE,OUT OF STATE RESIDENT,CITATION/SUMMONS,2,0,1,0,0,1,53
2022-09,WHITE,MALE,OUT OF STATE RESIDENT,NO ENFORCEMENT ACTION,1,0,0,0,0,2,3
2022-09,WHITE,MALE,OUT OF STATE RESIDENT,WARNING ISSUED,0,0,6,0,0,0,33
2022-09,WHITE,MALE,RESIDENT OF CITY/COUNTY OF STOP,ARREST,2,0,0,0,0,0,4
2022-09,WHITE,MALE,RESIDENT OF CITY/COUNTY OF STOP,CITATION/SUMMONS,21,1,31,0,0,1,340
2022-09,WHITE,MALE,RESIDENT OF CITY/COUNTY OF STOP,NO ENFORCEMENT ACTION,11,0,2,0,0,12,4
2022-09,WHITE,MALE,RESIDENT OF CITY/COUNTY OF STOP,WARNING ISSUED,4,0,13,0,2,2,144
2022-09,WHITE,MALE,UNKNOWN,CITATION/SUMMONS,0,0,0,0,0,0,12
2022-09,WHITE,MALE,UNKNOWN,NO ENFORCEMENT ACTION,0,0,0,0,0,1,0
